序號,標題,網址,留言者名稱,留言內容,留言時間,贊成論點/其他想法,贊成數量,反對數量
M-1,國高中上課時間改為10:00到16:00，避免慢性睡眠剝奪導致學生憂鬱、自傷自殺風險提升。,/idea/detail/45e4b677-19d5-4b48-b1da-1afe3000a878,欣欣,"不應該移除多元課程,而是減少課綱中的內容(或減少考試範圍)進而減少學科課程,這才能最大的減少學生的壓力。且多元課程的內容往往是為了培養未來所需的能力,較學科課程比起來才是更重要的",2025-09-13 08:01:16,贊成論點,257,62
M-13,國高中上課時間改為10:00到16:00，避免慢性睡眠剝奪導致學生憂鬱、自傷自殺風險提升。,/idea/detail/45e4b677-19d5-4b48-b1da-1afe3000a878,樂,台灣的教育制度就是升學導向，要升學最重要的就是讀書，就是國英數自社，要學美國教育制度多元學習那請先改變生學管道，讓學生能利用那些學校學到的東西就能升學，而不是用學習歷程，還要去參加營隊、考證照、遊學什麼的根本是有錢人才能做好。所以可以先把廢課刪掉了，其實有些老師也知道他們這些課沒什麼用，也都隨便教，根本是浪費時間，還不如全部都上主科然後縮短上學時間，讓學生有更多時間睡覺成長。,2025-09-13 18:52:40,其他想法,646,33
M-19,國高中上課時間改為10:00到16:00，避免慢性睡眠剝奪導致學生憂鬱、自傷自殺風險提升。,/idea/detail/45e4b677-19d5-4b48-b1da-1afe3000a878,小芸,"反對有以下幾點，僅為個人想法不代表任何立場。
第一，文章中之論點有無實驗結果或專家分析等證據證明？論據不足的情況下很難有說服力。
第二，延後上課時間對於睡眠品質、學習效率及學生精神層面上並無直接影響，晚上課並不代表學生會早睡。
第三，多元學習的部分我認為還是需要存在，現在台灣的教育幾乎已經是訓練學生成為「考試機器」，倘若無其餘課程輔助，學生課業壓力只增不減。所謂要學生多方探索自我，卻還是將課業壓力一再壓在學生身上，這是自相矛盾。即使要改也應該是調整、刪減課綱之內容，國小至高中學的應是基礎知識與生活應用，過度的深入探討，甚至在考場上刻意刁難學生，只會更加偏離所謂國民教育。",2025-09-13 21:25:21,贊成論點,115,137
M-21,國高中上課時間改為10:00到16:00，避免慢性睡眠剝奪導致學生憂鬱、自傷自殺風險提升。,/idea/detail/45e4b677-19d5-4b48-b1da-1afe3000a878,芮,整個制度都要大改，學科課程有很多沒有屁用、內容還多，浪費時間，應該再減少。多元學習當然比較好，現在的情況是學科的比重還是很大，導致多元學習成為負擔,2025-09-13 22:13:07,贊成論點,35,5
M-37,國高中上課時間改為10:00到16:00，避免慢性睡眠剝奪導致學生憂鬱、自傷自殺風險提升。,/idea/detail/45e4b677-19d5-4b48-b1da-1afe3000a878,9ay,"我本身是一位高中生，我認為這個提案的出發點是好的，但是如果要實行會有很大的困難。

首先如果一週要移除十節多元課程，先不說有沒有十節的「非必要」多元課程，依照台灣的風氣，可能會出現早上補習的現象。如果沒有補習，那學生們真的能好好利用這段時間嗎？你相信大部分的國高中生會利用自由時間去「自主學習」？而且有些事物如果沒有學校這個媒介，學生一輩子都不會接觸到，也不會有嘗試的機會。

如果真的想改變台灣的教育，我認為至少要先確實做到已有的政策，像是早自習和第八節不能考試。但有幾所學校能夠確實落實呢？其實問題還是出在課綱和台灣的風氣，課綱就是這麼多，有多少課可以刪，沒有了多元課程，學生們一整天都要面對高壓的課程。另外還有台灣的教育風氣，幾乎人人都補習，補到九點十點才回家，當然會睡不夠。如果課綱還是這麼多，多數家長的觀念還是不改，那應該什麼東西都很難改。",2025-09-14 00:08:17,贊成論點,0,1
M-43,國高中上課時間改為10:00到16:00，避免慢性睡眠剝奪導致學生憂鬱、自傷自殺風險提升。,/idea/detail/45e4b677-19d5-4b48-b1da-1afe3000a878,小嘎,"真的不要耶，這樣一週就要減少10個科目，那怎麼解決呢？答案就是文中寫的「減少非必要多元課程」，但10節課耶，到時候全部都給你剪掉，到時候就有得哭了。
我的覺得是8:30上課，然後將多元課程換成「自行選科」模式，然後可能沒人至少要選幾科之類的，既能保障上課時長，又不必選一些自己不喜歡的科目。",2025-09-14 00:49:01,贊成論點,1,2
M-50,國高中上課時間改為10:00到16:00，避免慢性睡眠剝奪導致學生憂鬱、自傷自殺風險提升。,/idea/detail/45e4b677-19d5-4b48-b1da-1afe3000a878,Larry,"多元課程其實還蠻不錯的 
第一如果是高中高職 學分穩穩拿比一般科目好
第二可以多學學不同的領域
第三沒有多元課程只是讓國英數更多而已 你想嗎？
還有通勤問題 很以偏概全 
上課上六小時 中間午休一小時 五小時能上什麼 這樣體育那些是不是也要全面廢掉 全部留國英數",2025-09-14 01:22:05,其他想法,22,20
M-51,國高中上課時間改為10:00到16:00，避免慢性睡眠剝奪導致學生憂鬱、自傷自殺風險提升。,/idea/detail/45e4b677-19d5-4b48-b1da-1afe3000a878,Eian,"更動上課時間，是影響整個教育體系的行為，這提案本人不支持。

上課期間只有短短6小時，依據現在108課綱，考科的課程已經非常吃緊了，學校連早自習、第8節，甚至連多元學習課程，這些額外的時間，有時都需要拿來上考科的。按照提議者想法，這是幾乎不可能仔細教完會考、學測範圍的。

會考、學測都是需要大量的有效學習、複習，你連考科都沒學好，甚至還沒有教過，怎麼可能上理想學校，這不就擺明要讓學生去補習班嗎。

修改後，補習班為了彌補學校的不足，及加強對課本的印象，種種加起來，學校6小時加上補習班時數，肯定跟修改前差不多，這會導致學生的睡眠時間不但沒有改善，反而作息更不規律。
舉例：「從原本國小持續6年的9：30睡，7：30起；改變成11：30睡，9：30起。」只是延後上床睡覺，睡眠時間根本沒有增加。

你要修改上課時間，就應該有其他配套措施，且考慮當前的教育情況，而非單純提出修改上課時間，這提案漏洞百出，需要改進。",2025-09-14 01:34:45,贊成論點,18,10
M-53,國高中上課時間改為10:00到16:00，避免慢性睡眠剝奪導致學生憂鬱、自傷自殺風險提升。,/idea/detail/45e4b677-19d5-4b48-b1da-1afe3000a878,kopq,"我是高中生，我認為就現階段而言，此提案過於空泛以及忽略了真正的問題。

以一般未補習的高等中學學生舉例，第一堂課開始是早上8點10分（假設8點時到校），放學時間是下午4點，若是通勤時間共兩小時以及早上梳妝早餐時間三十分鐘，那麼每天從起床與放學回家的時間點可以簡略估算為早上6點30分與下午5點，若是要維持十小時睡眠則需要在下午8點30分入睡，共三小時可以吃晚餐、處理作業、預複習、洗澡、娛樂等等。

事實上如果說今天學生不用在課業上花那麼多心力，絕對是有辦法在三小時內處理完問題的。

所以問題其實是學生所面臨的升學壓力，這才是問題的主要因素，就算強制調動了課表時間，實務上治標不治本。

並且想請問何謂「非必要多元課程」，事實上，多元課程雖為分考科，但不能因此否定其重要性。",2025-09-14 01:40:43,贊成論點,12,5
M-104,國高中上課時間改為10:00到16:00，避免慢性睡眠剝奪導致學生憂鬱、自傷自殺風險提升。,/idea/detail/45e4b677-19d5-4b48-b1da-1afe3000a878,,多元課程就是在類似模仿美式教育了，有很多你們所謂的不必要的課程都是別人爭取來的，晚上課有甚麼用，熬夜的只會覺得（喔我可以更晚睡了欸）我是大學生，每天為了作業基本上8.起床，然後就沒有闔過眼睛，不是在上課就是在做作業，但是我可以想辦法12.睡，這樣每天都可以睡夠8小時，國中的時候也就只是變成10.睡6.起床（有補習）還不是能夠睡滿8小時，睡不飽是你們能力的問題，用補習為藉口，如果你學校教的夠多且你都有學好，你大可以想辦法說服爸媽不讓你補習。課綱越改越簡單，重要的東西刪一大堆還不能夠滿足現在的國高中生嗎？？？,2025-09-14 09:15:16,贊成論點,1,2
M-109,國高中上課時間改為10:00到16:00，避免慢性睡眠剝奪導致學生憂鬱、自傷自殺風險提升。,/idea/detail/45e4b677-19d5-4b48-b1da-1afe3000a878,jess,我覺得可以刪掉一些不必要的課，讓我們專注力集中在學科上，畢竟臺灣本來就是升學導向的制度。現在的情況就是看得出來教育部想讓我們有更多元的學習，但最後結果還不是看成績，所以導致了多元的科目老師也不想認真教，學生也不想學。倒不如刪掉，讓我們有更多休息時間。,2025-09-14 09:40:23,其他想法,1,0
M-147,國高中上課時間改為10:00到16:00，避免慢性睡眠剝奪導致學生憂鬱、自傷自殺風險提升。,/idea/detail/45e4b677-19d5-4b48-b1da-1afe3000a878,,建議取消學習歷程這個東西想抄歐美的多元學習又抄不好,2025-09-14 10:39:18,其他想法,1,0
M-185,國高中上課時間改為10:00到16:00，避免慢性睡眠剝奪導致學生憂鬱、自傷自殺風險提升。,/idea/detail/45e4b677-19d5-4b48-b1da-1afe3000a878,芭樂,刪除不必要的多元課程和人際關係，教學方式，課業壓力有什麼關係？明明就一堆複雜事物連鎖在一起卻只說出一個,2025-09-14 11:20:25,贊成論點,0,1
M-205,國高中上課時間改為10:00到16:00，避免慢性睡眠剝奪導致學生憂鬱、自傷自殺風險提升。,/idea/detail/45e4b677-19d5-4b48-b1da-1afe3000a878,Mi,高中有過多無用課程，一些多元課程無法讓學生獲得真才實學，加上主科課程量過於龐大，準備小考就會花上不少心力，更何況課後要去補習的學子。充足的睡眠是生物生存之必須，而對於12~18歲的少年族群，睡眠必不可少。倘若無睡眠調劑，同儕、課業以及自身成長的壓力，無法被好好處理，容易產生各類心理疾病，尤其是在這身心急劇改變的敏感年紀。健康是人類從事各種活動之基本，維持我們的判斷、思辨能力，唸書則極大程度地仰賴大腦。犧牲睡眠，剝奪資訊在腦中歸檔、***清理的時間，實為捨本逐末，未見其明。,2025-09-14 12:01:28,其他想法,1,0
M-214,國高中上課時間改為10:00到16:00，避免慢性睡眠剝奪導致學生憂鬱、自傷自殺風險提升。,/idea/detail/45e4b677-19d5-4b48-b1da-1afe3000a878,ChengChinHsia,"我是高一生，我反對。
我支持廢除多餘無意義的彈性課程，但是不代表應該將上課時間調整。
當初將這些彈性課程加入的時候，犧牲的是原先基礎學科的時間，現在如果要將彈性課程移除，應當要將基礎學科的時間還給他們。
在一零八課綱下東西，課本幾乎已經沒有甚麼重要內容了。數理化通刪；國語文文言文砍半；社會科去脈絡化，不把時間還給這些學科，還要把在校時間砍掉？
今年的我高一，我才剛從國中畢業。我知道國中的課是上不完的，是需要加課的，更因為教育部禁止早自習考試，有些科目甚至需要動用的課堂時間考試，課都來不及上了還考試？現在還要縮短上課時間？
並且提案內容中寫到廢除「多元課程」，我不太清楚您所謂多元課程為何意？如果是指課綱新增的彈性課程，那廢除它們我表極力支持。但是如果是指科技、藝術等四大領域，那我是絕對反對廢除他們的。學校的目的是基礎教育，或許在高中可以作為選修科目或減少學分，但是在國民中學階段我認為它們還是必修的基礎學科，貿然廢除並不妥當。
離譜。我支持維持8-16點的上課作息，也支持將無意義的彈性課砍掉，並堅決反對將上課時間縮至10-16。
這套提案根本未經思考，配套不足，論點無立場。何以讓人支持這項莫名的提案？望請諸位同學們或是任何人附議前，思考一下，一天六小時真的夠嗎？只調整上課時間真的能降低學生的壓力嗎？",2025-09-14 12:12:40,其他想法,2,0
M-215,國高中上課時間改為10:00到16:00，避免慢性睡眠剝奪導致學生憂鬱、自傷自殺風險提升。,/idea/detail/45e4b677-19d5-4b48-b1da-1afe3000a878,翊惠🫐,我覺得這個方法很可以，我是位高中生，每天都要6點多起床，我已經算很好了，我們班甚至有住更遠的要5點就起床，來學校也是會昏昏欲睡，然後下課時間也很短只有10分鐘，且正課都排很滿，我認為台灣可以試試美式教育，早上9.10點來上課，下午就可以進行些社團活動，這樣就不會有人覺得來學校很痛苦，且也不會很憂鬱，而且好處是社團活動也可以發展多元興趣並不是只要升學，台灣的社團活動課真的很少，一學期不到10節，我希望這幾點台灣可以跟進美國的教育方式,2025-09-14 12:17:44,其他想法,3,0
M-225,國高中上課時間改為10:00到16:00，避免慢性睡眠剝奪導致學生憂鬱、自傷自殺風險提升。,/idea/detail/45e4b677-19d5-4b48-b1da-1afe3000a878,嘿啊,"我們學生有受教權和健康權嗎？
連最基本的權利都能到現在還沒真正被保障與改革 台灣常被稱為 勞工島且上課時間是全球的前三名 台灣 科技與國際的競爭力有些許的進步 但內部社會 人口老化問題並沒有改善 已墊底。
新加坡 比台灣小約50倍 卻能衝上亞洲第一 「新加坡國立大學」希望你們參考新加坡成功的案例 
去年 我購買了 黃仁勳轉 這本書提到 李光耀（首任總理）認為新加坡經濟成功的兩項因素「多元文化兼容與空調」當人們在室內辦公時 需要空調 反觀台灣 連學生最基本的睡眠時間都可被忽略。
請各位多多關注 如果現在不改善 未來就是青少年要面臨的問題且也是我們現在的近況。",2025-09-14 12:38:01,其他想法,5,0
M-232,國高中上課時間改為10:00到16:00，避免慢性睡眠剝奪導致學生憂鬱、自傷自殺風險提升。,/idea/detail/45e4b677-19d5-4b48-b1da-1afe3000a878,提個意見,"潛在問題

放學時間延後：若課程總量不減，10:00&ndash;16:00 開課會讓放學時間延後，社團、補習或家務時間被壓縮，學生晚上仍可能熬夜。

交通尖峰衝突：學生晚課與上班族尖峰疊合，公共交通和道路容易塞車。

課程排程困難：主科老師、教室安排及課程總量難以調整，整個排課系統可能被打亂。

睡眠改善不一定：真正影響睡眠的是生活習慣，例如熬夜玩遊戲或追劇，即使晚開課也可能依舊晚睡。

其他觀點

多數學生不喜歡上學：支持晚開課的人多是想多睡，但很多學生晚睡的原因並非課業。

教育價值：課程不只是實用知識，也提供多元選擇。少數喜歡的科目若被廢除，會剝奪學生的選擇權，*(課程存在的意義在於提供可能性，而非每個人都必須用得到。)

自律培養：自律不是立刻能教會的，環境可以幫助，但需長期累積與養成。",2025-09-14 12:47:33,贊成論點,1,1
M-241,國高中上課時間改為10:00到16:00，避免慢性睡眠剝奪導致學生憂鬱、自傷自殺風險提升。,/idea/detail/45e4b677-19d5-4b48-b1da-1afe3000a878,國中生,個別國中也不同的壓力情況，但是我們國中補完習回到家，寫完功課看完書，至少已經是半夜1、2點，每天這樣都睡不過5小時。隔天還要去學校感覺身心俱疲，現在睡正常睡眠時間，反而更想睡覺了。但是我認為10點上課還是太誇張了，而且缺少多元課程，學生無法在五大科上課之間交替時間放鬆。,2025-09-14 13:09:10,其他想法,3,0
M-256,國高中上課時間改為10:00到16:00，避免慢性睡眠剝奪導致學生憂鬱、自傷自殺風險提升。,/idea/detail/45e4b677-19d5-4b48-b1da-1afe3000a878,H3C,我也同意作者的觀點，與其排一大堆的不必要之多元課程，不如留給學生更多的自由時間，去發展他們的多元興趣。,2025-09-14 13:54:15,其他想法,3,0
M-263,國高中上課時間改為10:00到16:00，避免慢性睡眠剝奪導致學生憂鬱、自傷自殺風險提升。,/idea/detail/45e4b677-19d5-4b48-b1da-1afe3000a878,S,"反正改成下午四點放學，家長還不是會安排學生去補習班，一樣補到很晚，依然很晚睡，然後假日還是被家長送去補習班，沒有自己的休閒娛樂，改不改哪有差！看過很多社會新聞，造成學生憂鬱、自殺，不僅僅只有霸凌、同儕之間的競爭，家長往往都是壓倒駱駝最後一根稻草的人。
一天只上短短幾個小時的課，老師也必須加速講課的時間才能達到進度，也未必能夠講的很細，學生可能還是要自己回家唸，真的覺得提出這個想法的人只會造成老師與學生的壓力。
多關懷學生、不要只是一昧的要他們唸書，讓他們能夠自由選擇、多元發展，這樣才能降低一些壓力吧。",2025-09-14 14:04:58,贊成論點,0,1
M-272,國高中上課時間改為10:00到16:00，避免慢性睡眠剝奪導致學生憂鬱、自傷自殺風險提升。,/idea/detail/45e4b677-19d5-4b48-b1da-1afe3000a878,Ysh,我附議10.上學 可是你們有在看文字嗎 為什麼要全面刪除多元課程 這樣會更有壓力欸 正課變多了是在哈囉,2025-09-14 14:19:18,贊成論點,1,1
M-286,國高中上課時間改為10:00到16:00，避免慢性睡眠剝奪導致學生憂鬱、自傷自殺風險提升。,/idea/detail/45e4b677-19d5-4b48-b1da-1afe3000a878,林逸,這絕對是要的，雖然附議內容的時間刪減太多⋯⋯但是希望至少可以減少，像我們某些家境沒這麼好的假日還要兼工讀，平日也補習到晚上九點十點，甚至要犧牲很多睡眠時間來完成課程作業，時間真的嚴重不足，像某些多元課程其實可以刪掉（完全學不到什麼），例如：閩南語，基本完全學不到什麼，而且有時候作業真的比主科還要麻煩😡，真的搞不懂創建這類課程的意義⋯⋯,2025-09-14 14:57:35,其他想法,1,0
M-289,國高中上課時間改為10:00到16:00，避免慢性睡眠剝奪導致學生憂鬱、自傷自殺風險提升。,/idea/detail/45e4b677-19d5-4b48-b1da-1afe3000a878,我反對🙂,個人覺得沒必要，把多元課程刪掉是否意味著學校接下來只會上主科，而那些普遍大家覺得輕鬆、可以放鬆的科目都刪掉，不是會讓學生的壓力無處釋放嗎？只留主科意味著學生的壓力會更大，壓力更大輕生的幾率理論上也會隨之增加，跟原本的目的完全相反，所以我覺得真的沒必要。,2025-09-14 14:59:18,贊成論點,1,2
M-294,國高中上課時間改為10:00到16:00，避免慢性睡眠剝奪導致學生憂鬱、自傷自殺風險提升。,/idea/detail/45e4b677-19d5-4b48-b1da-1afe3000a878,我,我覺得不能沒有多元課程,2025-09-14 15:03:37,其他想法,1,1
M-296,國高中上課時間改為10:00到16:00，避免慢性睡眠剝奪導致學生憂鬱、自傷自殺風險提升。,/idea/detail/45e4b677-19d5-4b48-b1da-1afe3000a878,柚,認同 為了形式上的「多元學習」增加許多不必要的課程反而造成學生負擔 台灣畢竟還是升學導向的國家 讀書的同時還得負擔與學科無關的課業 只會增加學生困擾 去除這些徒具形式的課程 在正課時間就好好處理學科 減少在學校的時間讓學生放學能探索自己的興趣 參與社團才是重點 歐美國家也都是這樣,2025-09-14 15:08:24,其他想法,5,0
M-304,國高中上課時間改為10:00到16:00，避免慢性睡眠剝奪導致學生憂鬱、自傷自殺風險提升。,/idea/detail/45e4b677-19d5-4b48-b1da-1afe3000a878,賀呵呵呵,把主科以外的課都刪一刪吧，自主學習、多元選修，學生不是超人，不可能每個人都十項全能。又要成績好又要什麼都會。累死,2025-09-14 15:19:15,其他想法,2,0
M-314,國高中上課時間改為10:00到16:00，避免慢性睡眠剝奪導致學生憂鬱、自傷自殺風險提升。,/idea/detail/45e4b677-19d5-4b48-b1da-1afe3000a878,Y,升為高二生，我不同意，為什麼要刪除多元課程？我認為多元課程是學習中的休息站，每天國自英數社頭腦會炸，沒有其他課程上學有什麼有趣的地方？並不是每個家庭都有金錢培養專長。,2025-09-14 15:36:35,贊成論點,2,1
M-318,國高中上課時間改為10:00到16:00，避免慢性睡眠剝奪導致學生憂鬱、自傷自殺風險提升。,/idea/detail/45e4b677-19d5-4b48-b1da-1afe3000a878,彭彭,"看到這個提案，作為大人的我們應該要如何思考？孩子們為什麼會有這些想法呢？你真的曾經靜下心好好想過，什麼樣的教育對孩子才是好的嗎？我認為孩子真正想訴求的，並不只是上課時數的問題，我們必須花更多時間聆聽孩子們的心聲，為什麼上課變成一件這麼痛苦的事情？為什麼會有這麼多自傷自殺事件？已經苦過來的大人，更應該成為孩子的傘，而不是撕爛他們的傘。
升學主義的教育制度，完完全全的抑制孩子多元發展的機會，學生整天只知道國英數自社，讀不來的還是得讀，把自己變成考試機器，從來沒有機會好好探索自己的天賦與興趣，出社會繼續當個上班機器，然後跟學生計較說上班比讀書辛苦一百倍，在那吵什麼？這就是我們走過來的，並且想要讓孩子繼續走的路嗎？
這麼多的附議，並不是單純在討論上課時數或心理問題而已，孩子們只是希望透過這個平台，讓聲音能傳出去，我也希望每一位家長要意識到，改變世界要從改變教育開始，而改變教育就是從家長開始，從今天起，每當孩子在抱怨課業抱怨生活時，多一點耐心、多問一句為什麼，你會慢慢看見他們的脆弱、勇氣、熱情、努力、憤怒、純真，這全都是你與孩子帶給世界最棒的禮物。
也跟學生們分享，我認為縮短上課時間是必須的，但方法並不是刪減所謂多餘的多元課程，而是讓教育達到真正的多元，但還有很長一段路要走，現在是因為考試制度就擺在那，你們才會認為那些多元課程是多餘的，但其實那些課對學科成績不好的孩子來說，是天大的救贖喔！",2025-09-14 15:40:44,其他想法,5,0
M-320,國高中上課時間改為10:00到16:00，避免慢性睡眠剝奪導致學生憂鬱、自傷自殺風險提升。,/idea/detail/45e4b677-19d5-4b48-b1da-1afe3000a878,宏,"我身為高二的學生，對於這件事，我贊成課程在16：00結束，但我對上課時間延後至10:00強烈反對，所以我拒絕參加附議，以下為對提案中使用之文字、用詞與目的的疑問和我必需強烈反對此提案的理由：

一、疑問

1、何謂「非必要多元課程」？

2、上課時間僅六小時，是否要取消長達一小時以上的午餐和午休，以及縮減或取消下課時間？

二、反對的理由

1、依我之見，藝能科是讓學生們能接觸並初步探索自己興趣之管道，而不是讓幾乎所有學生的興趣都是打遊戲、滑社群、打遊戲、滑社群。

2、這些課程也是培養與訓練學生的美感和生活自理能力，使學生不會成為只有學科能力，毫無美感的空殼，也讓我們不會成為完全無法獨立生活，必須依靠他人的爸寶媽寶。

3、關於睡眠不足的問題，我認為延後上課的時間，反而會讓許多學生睡覺時間也跟著延後，不僅無法達成目的，反而會造成發育問題與身體過勞，也對增加學習效率毫無幫助。

4、關於憂鬱情緒增加與自傷自殘的問題，許多學生更大的焦慮來源是來自網路社群與人際關係，而最佳解決方法並不是減少上課時間，最佳的方法是我們應該精進校園的三級防護與完善學生心理輔導機制，同時培養多元興趣，建立學生的心靈寄託。

5、關於多元課程的部分，以目前而言確實尚有不足，但最佳的解決方法並不是取消，而是改變上課方式、採用多元教材與彈性評分方式，並使教學內容能與時勢潮流連結。

6、延後上課時間會使學生在上學前在外遊蕩，從而發生安全問題。

7、原本8:00左右的交通尖峰，將會因上學時間的延後產生尖峰時段延長

以上是我本人想表達的觀點與疑問，其實還有很多想提出的觀點和問題，只是我打字很慢，沒有一次全打出來，口頭描述會比較適合，可能我之後會有新的贊成或反對的觀點，或新的疑問，會再提出。

也歡迎各種意見，不論贊成與否的朋友們一起討論，也希望提案者能解惑我的疑問，謝謝",2025-09-14 15:45:21,贊成論點,11,2
M-324,國高中上課時間改為10:00到16:00，避免慢性睡眠剝奪導致學生憂鬱、自傷自殺風險提升。,/idea/detail/45e4b677-19d5-4b48-b1da-1afe3000a878,阿,"以&quot;避免慢性睡眠剝奪導致學生憂鬱、自傷自殺風險提升&quot;為目的的前提下，我不認為更改上課時間是最好的解決辦法。
我認為主要導致學生睡眠不足的原因無非以下幾種
1. 下課後補習到很晚
2. 晚間熬夜讀書/打遊戲
3. 家庭因素
在這三種原因當中，除開第三種，前兩種個人認為是台灣教育制度的問題，也就是看重各科綜合成績，導致學生需要成為&quot;六邊形戰士&quot;的問題，而非單純刪除多元課程能解決的。
即使調整上課時間至10:00~16:00，還是有許多學生要花大把時間去補習，甚至上學時間減少也就意味著補習時間增加。
我的結論是，調整時間是好的，對於學生來說，有更多可以自我運用的時間可以多方面提升自己。
然而，此提案所要達成的目標我認為並不能藉由調整上課時間達成，因此我不支持此提案。",2025-09-14 15:51:40,贊成論點,7,3
M-325,國高中上課時間改為10:00到16:00，避免慢性睡眠剝奪導致學生憂鬱、自傷自殺風險提升。,/idea/detail/45e4b677-19d5-4b48-b1da-1afe3000a878,zn,"比起其他課程 更應該改的是學科內容吧？像是讓學科跟藝能科的課程分配差不多 而藝能科可以包含更多多元選修或自主學習 讓學生根據興趣選擇課程 而不是課表上寫什麼上什麼 至於學科部分 我認為需要減少課綱內容(有興趣的可以再自己選修)以及課程堂數(但刪減程度比課綱少一點) 而不是要教的因為堂數不夠永遠教不完 導致多數學生只能去補習班完整再學一遍 浪費時間 回家沒時間做其他事 只好壓縮睡覺時間
這似乎不是單純「縮短上課時數」就能解決的事情?",2025-09-14 15:52:33,贊成論點,2,1
M-332,國高中上課時間改為10:00到16:00，避免慢性睡眠剝奪導致學生憂鬱、自傷自殺風險提升。,/idea/detail/45e4b677-19d5-4b48-b1da-1afe3000a878,蚊,"要改的是教育方針不是教育時間，吸收知識都方式都很僵硬，寫一堆講義一堆作業，天天驗收驗不過罰你一堆東西，然後又常常被拿來比較，有些課業壓力確實不是普通學生應該承受的，這種被迫學習的成果也不是很有效，走出了學習的殿堂也沒有明確的興趣明確的目標，也缺少了自主學習的動機。
為什麼不改時間？其實教學內容都排的特別滿，方式沒先改改時間馬上就會亂套了，到時候注重成績的家長就會幫你排補習排的滿滿噹噹的，想想看有些補習班作業比學校多，驗收比學校嚴，你會更坐牢。
多元學習確實該減少，本來就很飽和的課表近幾年來又強調了一些多元學習的課程，成效並不是很好，特別是高中高職。
減少或移除不必要的多元學習課程讓普通科可以分攤一點壓力。
減少時間現在不適合，至少方針要改，以目前的科目來看，6小時包含午休的上時間是不夠上目前會考學測統測的內容的。",2025-09-14 16:05:05,贊成論點,0,1
M-333,國高中上課時間改為10:00到16:00，避免慢性睡眠剝奪導致學生憂鬱、自傷自殺風險提升。,/idea/detail/45e4b677-19d5-4b48-b1da-1afe3000a878,Kyoo,與其上一堆沒什麼用的課程，不如把那些時間來讓學生多睡一點，整天說什麼多元學習，最後還不是要瘋狂拼升學。,2025-09-14 16:08:49,其他想法,5,0
M-345,國高中上課時間改為10:00到16:00，避免慢性睡眠剝奪導致學生憂鬱、自傷自殺風險提升。,/idea/detail/45e4b677-19d5-4b48-b1da-1afe3000a878,尤金,我認為縮短上課時間是好的，畢竟現在上課時間有數據支持台灣上課時間是全球前幾長的，但是有三個面向我認為須多加考慮。首先，從時間來看，若依照提議所述施行10點上學，並非如文中所指所有人均有能力能夠獨自上學，是否有某些特殊例子或是家庭因素，且若10點上學，是否會依其他留言所述，因10點上學而成為熬夜理由。其次，以課程而論，縮短兩小時的上課時間大概需一個禮拜減少10節課程，因主要課程例如國英數等等因進度壓力及教學流程是不可能刪減的，所以刪減的必然是家政、資訊等多元課程，刪減後學生是否能忍受一整天均上主科，以及拋棄多元課程促進多元學習。最後，從因果說起，現代學生睡眠時數減少是否完全因為上課時間過長，若縮短上課時間，是否能真正改善文中所述問題，而非反而增加家長及學生負擔。因此，我仍持反對意見，立意雖好，但不夠完善，沒有有力證據支持減少上課時間就能改善上述問題。,2025-09-14 16:29:21,贊成論點,0,1
M-353,國高中上課時間改為10:00到16:00，避免慢性睡眠剝奪導致學生憂鬱、自傷自殺風險提升。,/idea/detail/45e4b677-19d5-4b48-b1da-1afe3000a878,吳,"不同意，這樣講是不是規律作息更重要，不如把上課時間變成8-14點還比較可以接受，這才是該有的正常作息吧，
另外我覺得去掉多元課程可能損害那些平常沒辦法學到但對這些有興趣的人的權益，像以前我上過的多元課程像烹飪、科學、英文口說，我就覺得蠻有意義的還不用花錢
不如14點後改成多元課程時間，可以選擇是否參加多元課程",2025-09-14 16:43:48,贊成論點,0,2
M-358,國高中上課時間改為10:00到16:00，避免慢性睡眠剝奪導致學生憂鬱、自傷自殺風險提升。,/idea/detail/45e4b677-19d5-4b48-b1da-1afe3000a878,女神大大,「全面移除非必要多元課程」可以改成自由參加就像選修這樣（？,2025-09-14 16:55:52,其他想法,0,0
M-359,國高中上課時間改為10:00到16:00，避免慢性睡眠剝奪導致學生憂鬱、自傷自殺風險提升。,/idea/detail/45e4b677-19d5-4b48-b1da-1afe3000a878,顧妘溱,我是高中生，就讀土城某高中的理組實驗班，每天通勤往返土城約 2 小時（單程約一小時）。為了趕車我必須在早上 6:00 起床、6:30 以前出門，平日還要留校晚自習到 21:00 才回家，這樣的作息造成我長期睡眠不足，幾乎沒有一天能達到標準的 8 小時睡眠。 睡眠嚴重不足讓我白天上課時常打瞌睡、學習效率降低，也使情緒容易失控、對挫折的耐受度大幅下降，這反映出睡眠與壓力已經深刻影響我的心理健康。 我理解教育應兼顧多元發展，但現行安排使得像我這樣需長時間通勤、面臨高度課業壓力的學生無法負荷。為了保障學生的身心健康與學習品質，我強烈支持將非必要的多元課程移除，並檢討上課時段安排（例如避免過早上課或過長延時），以減少慢性睡眠剝奪的風險。請考量通勤族學生的實際情況，讓教育回到「讓學生能健康學習」的初衷。,2025-09-14 16:56:58,其他想法,0,0
M-366,國高中上課時間改為10:00到16:00，避免慢性睡眠剝奪導致學生憂鬱、自傷自殺風險提升。,/idea/detail/45e4b677-19d5-4b48-b1da-1afe3000a878,捲,其實後來想想 這個個提議本身就有問題了 上課時長縮短了沒錯 但那麼晚才放學 那這樣學生晚睡的問題還是沒有解決啊 而且也不是非必要多元課程的問題 反而更需要這些多元課程 很多學生讀高中其實是還沒有想好未來要做什麼 所以更應該讓學生自己去探索才對 108課綱既要中式教育又要美式教育 只會造成學生及老師更多的負擔😓把上學時間變晚只是治標不治本 真正的問題在課綱上⋯（但上學時間也是真的應該要縮短）,2025-09-14 17:12:21,其他想法,0,2
M-377,國高中上課時間改為10:00到16:00，避免慢性睡眠剝奪導致學生憂鬱、自傷自殺風險提升。,/idea/detail/45e4b677-19d5-4b48-b1da-1afe3000a878,捲,學生反而最需要的就是多元課程 但教育部不願意放棄中式教育⋯⋯,2025-09-14 17:28:22,其他想法,0,0
M-378,國高中上課時間改為10:00到16:00，避免慢性睡眠剝奪導致學生憂鬱、自傷自殺風險提升。,/idea/detail/45e4b677-19d5-4b48-b1da-1afe3000a878,安,"1. 現今大多數的學生11點後才上床睡覺，若將上課時間改至10點，那這些本來就晚睡的學生究竟要幾點才會去睡覺？
2. 多元課程就是希望學生能學到更多事情。而且請問大部分的學生在多元課程的時間休息是教育部的問題嗎？如果學生有動力想學到更多不同的知識，他就不會在多元課程睡覺。
3. 每天早起上課沒辦法專心？真可笑，如果學生把自己的睡眠時間提早15分鐘，隔天就會提早15分鐘起床，大腦就可以提前開始運作，就不會發生每天早上上課無法專心的問題。
4. 提出這個議案的人不覺得自己的說的利益與影響很可笑嗎？請問將上學時間改成10點到16點跟放學後有更多空餘時間有什麼關系？現在多數學生放學後都在補習，請問更改上學時間會讓學生補習的時間變少嗎？
5. 上課總時數減少但老師要教的內容一樣多，會導致老師上課上得越快越簡略，使得學生聽不懂的部分變多，進而影響補習的時長。請問這樣會讓學生的壓力減輕嗎？
6. 並不是全部的國高中生都有自行通勤上下學的能力，像我本身住家附近沒有公車、捷運、ubike站，如果沒有配合家長上下班的時間，我就只能自己走去學校，平常我爸媽騎車載我去學校要20分鐘，我如果用走的要走到什麼時候？請不要以為每個人住的地方交通都很發達。
大家請不要再為這種沒有現實基礎的提案瞎起鬨了。",2025-09-14 17:30:18,贊成論點,2,2
M-385,國高中上課時間改為10:00到16:00，避免慢性睡眠剝奪導致學生憂鬱、自傷自殺風險提升。,/idea/detail/45e4b677-19d5-4b48-b1da-1afe3000a878,哈姆啾,"十年前念高中的時候早上七點半開始早自習
每天八堂課上到五點老師進度都已經非常吃緊了
現在課堂數減少還外加很多其他的多元課程
真的不知道老師要怎麼教
聽當過頂大微積分助教的人說
現在學生普遍程度比之前差很多
大學老師也很難教
很大部分老師只能降低自己的標準
現在再減少國高中的學習時數
不是更加降低國家整體的競爭力?
再來減少學校的教學時數肯定會影響學校老師的教學效果
為此可能學生會需要更多的時間去補習
這樣不是更不能解決問題嗎?",2025-09-14 17:47:25,贊成論點,0,2
M-388,國高中上課時間改為10:00到16:00，避免慢性睡眠剝奪導致學生憂鬱、自傷自殺風險提升。,/idea/detail/45e4b677-19d5-4b48-b1da-1afe3000a878,YNN,"以時間上來說的話9.就剛剛好抓10.有點太多了，家長不用很早起弄東西載小孩去學校，抓的時間也差不多載完就可以去上班，而且學校如果配有營養午餐，如果是10.要到學校，抓最晚大概9.30吃早餐，那隔中午用餐的時間並不多，也有可能造成糧食浪費的情況。但相對的如果10.上課，有些額外的課程就無法排上，只能上正課，所以也會少了額外的身心或娛樂課程，如果每天都要上正課也不會比較好，都有利弊得失的問題是需要仔細衡量考慮，而且如果這樣的話教師的薪水又該如何調整？
請AI幫忙的重點整理如下：
1.	早餐與用餐銜接不良：若把早餐抓到 9:00&ndash;9:30 才吃，距離中餐時間過短，可能影響食慾並增加糧食浪費，即使學校有營養午餐也難以完全補足。
	2.	家長接送與通勤實際負擔：表面上看晚起，但家長仍需按接送節奏調整，未必能減輕交通高峰或工作衝突。
	3.	壓縮課外與多元學習時間：10:00 上課會影響選修、體育、社團等額外課程的安排，長期不利於學生身心發展。
	4.	教師與制度配套不足：若改制，需明確規劃教師上班時段、薪資、補償與行政配套，否則會產生不公平與執行問題。
建議：先進行試辦與完整影響評估（餐飲、交通、家長/學生/教師意見），並考慮彈性或分流方案，避免一刀切。",2025-09-14 17:53:55,其他想法,0,0
M-393,國高中上課時間改為10:00到16:00，避免慢性睡眠剝奪導致學生憂鬱、自傷自殺風險提升。,/idea/detail/45e4b677-19d5-4b48-b1da-1afe3000a878,啊,高二的課程都是主要科目能用來緩和的多元科目已經很少了，如果縮短上課時間拔除多元課程學生可能會直接被榨乾在學校。而且放學之後一定會有補習班，又是一場硬戰。,2025-09-14 18:03:08,贊成論點,0,0
M-437,國高中上課時間改為10:00到16:00，避免慢性睡眠剝奪導致學生憂鬱、自傷自殺風險提升。,/idea/detail/45e4b677-19d5-4b48-b1da-1afe3000a878,婷,老師都拿多元彈性課程來上本科或者拿來考試，下課也在考試，那根本沒有這個必要在借課考試了啊，其他的彈性課老師都不用上課嗎？,2025-09-14 19:09:23,其他想法,2,0
M-469,國高中上課時間改為10:00到16:00，避免慢性睡眠剝奪導致學生憂鬱、自傷自殺風險提升。,/idea/detail/45e4b677-19d5-4b48-b1da-1afe3000a878,彣,"我真的覺得可以改10.～16.
雖然說現在高中生改8.上課
但還不是要早起趕校車 
重點是學校還要強迫我們上第八節
本來這麽早起床就已經夠累了
下午還要硬撐著上課
真的不是我在說 普科生書一大堆就讀不完了 還要加入一些多元學習 利用到學生午休時間 然後5.放學真的太累",2025-09-14 19:48:59,其他想法,2,0
M-477,國高中上課時間改為10:00到16:00，避免慢性睡眠剝奪導致學生憂鬱、自傷自殺風險提升。,/idea/detail/45e4b677-19d5-4b48-b1da-1afe3000a878,黃,"我看到很多人會說：上課時間延後，學生只會更晚睡覺，更晚起床，上課專注度下降形成惡性循環。
但我想說的是，若上課時間被改變，學生想幾點睡覺是自己的選擇我們無權干擾。現在早上7:20前就要到學校，大部分學生6:00起床，若要睡滿8小時便得10:00上床，但這真的簡單嗎？

很多學生都有第八節課，下課4:30，約4:406:00甚至更晚。國民健康署推動的運動533，每週五次每次30分鐘，到家後洗漱打理約1.5小時，又要讀書寫功課。假設國英數自社各讀15分鐘共75分鐘，再加寫作業1.5小時，此時計已經9:30~10:00。學生本該有休閒娛樂時間，若還有社團、運動、家事、打工、通勤更長等，想10:00前睡幾乎不可能。更何況現在多元課程如報告、繪圖、AI作業、音樂練習等都會佔用時間。就拿我自己舉例，每次讀完科目、作完功課，運動和休閒都大幅減少，要在10:00前睡幾乎是夢。等做完往往11點多甚至12點，我做事也不分心，但依然無法實現早睡，補習生更難。

再者，台灣很多學校沒有捷運，大眾運輸也不便。偏鄉或非六都學校公車常只有兩班，第一班約早上六點，學生必須更早起，錯過還得等40分鐘到1小時。有時就算沒錯過，公車到學校也已遲到。若上課改成9點或10點，學生搭車不再那麼擁擠，容錯率更高，也不用和上班族擠同班車，通勤會輕鬆許多。

另外，學生是學生，上班族是上班族。我看到很多上班族說：現在上課時間都受不了，以後上班怎麼辦？但上班族身體已發育完全，而學生正值發育期，需要更長睡眠。

總之，我認為早上9點或10點上課都好，每個人都應該擁有自己的休閒娛樂，不可能永遠活在壓力下。除了制度要改，我覺得上課時間縮短也很重要。",2025-09-14 19:57:09,其他想法,6,0
M-481,國高中上課時間改為10:00到16:00，避免慢性睡眠剝奪導致學生憂鬱、自傷自殺風險提升。,/idea/detail/45e4b677-19d5-4b48-b1da-1afe3000a878,YJ妍,我覺得可以  其實課綱也讓學生壓力很大 因為太過緊湊 多元 也許在老師們眼裡是希望我們學生可以有更多思考的能力和站在其他角度思考 但題目都是選擇題 都是封閉性的 如果用問答題就會更了解學生的想法 學生也會在回答的過程衍生出不一樣的想法 或許調整了上課時間及稍微調整了課綱 也許會再好一些 芬蘭被譽為世界教育第一的國家 他們從小就教育孩子多思考 老師們給他們很多開放性的題目 讓他們討論等等 並帶他們探索各種不一樣的興趣 也就是從小時候就開始尋找興趣 並養成思考的能力 美國固然有美國的好 但我認為芬蘭的教育方式台灣可以試試看 雖然不能全面模仿一個國家 但我們可以試試看 從中找到好處再修改需要改進的地方 身為學生的我 常常覺得很疲憊 不只是實質上的 精神上得更多 睡眠固然重要 但心裡也需要 而心理需要慢慢被撫平的是教育觀念和制度 （我覺得國中生 要先培養自律跟自理再實施這個計劃 因為高中生已經慢慢可以掌握自己的生活了）,2025-09-14 20:02:04,其他想法,5,0
M-515,國高中上課時間改為10:00到16:00，避免慢性睡眠剝奪導致學生憂鬱、自傷自殺風險提升。,/idea/detail/45e4b677-19d5-4b48-b1da-1afe3000a878,U,如果沒有那些多元課程，升學主義只會更加嚴重，對於那些不喜歡學科的學生來說會少了一個機會去探索自己真正的興趣。舉自己的例子來說，我能夠每天提起精神去學校的動力便是那些「微不足道」的多元課程，而不是天天念經的重點學科。其實並不是「早起」讓人精神低落的，最讓人感到無聊、困倦的是那些無聊又無實際用處的主科課程。,2025-09-14 21:00:47,贊成論點,0,0
M-534,國高中上課時間改為10:00到16:00，避免慢性睡眠剝奪導致學生憂鬱、自傷自殺風險提升。,/idea/detail/45e4b677-19d5-4b48-b1da-1afe3000a878,HiCK,"1.6小時的課程是能上什麼?要一整天緊湊的一直讀嗎?這樣才會壓力大憂鬱吧?
2.刪除多元課程?講實話多元課有些我確實不喜歡上，但是多元課是少數可以減少壓力的課程，難道要6個小時一直在讀書嗎?
3.有善改善學生睡眠品質?不過是熬夜的藉口，是自己沒有規劃好時間而已。
4.國高中生自行通勤上學?是要增加逃課人數嗎?而且早上有家長開車帶你上學不好嗎?可以晚一點起床，上課前也不用累得氣喘吁吁的，滿身大汗。
5.『放學後能有更多時間進行個人興趣探索、製作學習歷程、進行社交活動、從事健身運動、專心讀書學習』?你不管9點上課還是10點上課不都是一樣16點下課嗎?有什麼更多時間?",2025-09-14 21:32:05,贊成論點,2,0
M-535,國高中上課時間改為10:00到16:00，避免慢性睡眠剝奪導致學生憂鬱、自傷自殺風險提升。,/idea/detail/45e4b677-19d5-4b48-b1da-1afe3000a878,CCY,"延後上學值得做，但「10:00上課;16:00下課＋刪多元課程」是矯枉過正了。美國兒科醫學會AAP/美國疾病控制與預防中心CDC 指出關鍵在於不早於 8:30 開學即可改善睡眠與學習，毋須把整天往後推兩小時；根據兒福聯盟的調查，超過 90% 國高中生睡眠不足 8 小時，甚至有 37% 只睡 5~6 小時。真正壓縮睡眠的原因，不只是「太早上學」，還包括補習班、過量作業與不規律的晚睡習慣。研究也證實：補習／私教時間越長，夜間睡眠越短；不規律的就寢時間會直接降低睡眠品質。單純改鐘點，如果制度與習慣不改，該考的考試不會少，一樣要複習，這樣效果會被抵銷
而 108 課綱明確規畫高中每週 35 節、每日 7 節，多元/選修支撐學生的探索能力，全面縮短時段與刪課會破壞課綱結構。你覺得有可能因為這平台就打上面行政官的臉嗎?政策上，教育部已鬆綁早自習並禁止考試，但實務上還是照樣考，不然就會變成下課時間考(我也當過108受害者啊)，先把「早到校還要複習考試內容的壓力」確實降下來，再以 8:30 開課、課務集中與睡眠教育配套進行一年期試辦，用睡眠時數、遲到率、交通尖峰等指標決策才務實
我認為更務實的做法還有：延後到校到 8:00~8:30、8:30 開課（符合國際建議，也能保留完整節數與社團時間）、全面落實早自習自主化，取消每日強制考試或集合、校門分流與彈性早點名，避免大家同一時間擠爆校門口附近、管控作業量與補習時間，搭配睡眠教育，改善學生「越晚睡、越晚起」的惡性循環、先以一年期試辦，用睡眠時數、遲到率、交通尖峰、師生滿意度等指標評估，再決定要不要擴大。
總結就是學生需要的不是「10:00上課16:00下課」這種極端調整，而是「制度面與生活習慣的改善」。讓第一節課從 8:30 開始、落實早自習自主、減輕作業與補習負擔，才是能真正幫學生睡得好、學得好的改革方向。",2025-09-14 21:32:58,贊成論點,0,0
M-543,國高中上課時間改為10:00到16:00，避免慢性睡眠剝奪導致學生憂鬱、自傷自殺風險提升。,/idea/detail/45e4b677-19d5-4b48-b1da-1afe3000a878,風,"之前不就有提過相關議題 然後把高中的早自習移除了?
國中是沒有 但我仍然只同意國高中早自習移除 所以國中部分我不提意見

但想要把上課時間再調晚的高中生們就別再當草莓了好不好? 都給你調到第一節早上八點前再來就好 以前可是七點要到欸

不要說什麼 補習回來已經10點了 回家寫作業 就沒時間睡覺了 那你們根本不該在這裡提議這有的沒的 因為根本跟學校無關 

學校頂多到6點多就放學 回來寫作業 吃飯 讀書 甚至塞一些休閒娛樂都夠你10點直接上床睡覺 不上補習班就根本沒有 慢性睡眠剝奪 學生憂鬱 自傷自殺風險提升 這種不足夠或根本無論據的結論

問題就在家長強制不管孩子身心 以及 補習班上課時數 那就該提議 得由小孩同意才能參加補習班 提議直接廢除補習班根本沒用 因為涉及補習班之商業自主行為 你連附議階段都到不了

就算教育部願意照顧你們這群草莓 把上課時間延晚到10點 你們也只會晚上想到 反正明天10點才上課 那我就再玩久一點 或再寫久一點 到最後 你根本沒休息的比較好 然後才上6小時課 你啥都沒學到 然後之後出社會了 公司要求你9點甚至8點半到 你們因為調晚 只習慣10點上課 到最後只會瘋狂遲到 連班都沒上到就被炒了 可能面試都因為你這起床時段而不斷被打槍

「全面移除非必要多元課程」那「非必要多元課程」是哪些? 不把這些舉例出來 只想著把多元課程拿出來開地圖炮? 你不學學多元課程帶給你的技能 就只想大學或公司教你這些? 你想太多了吧 你高中就想刪掉這些 你大學還會想學? 還想期望公司會培訓你這些技能? 想的太完美了吧 哪有這種好或豪賭的公司會願意花錢去錄取毫無技能的人 至少學點技能才行阿

TL;DR 不要把補習班相關問題推給學校 總想著延後時間 結果根源還在 睡眠時間還是不夠 繼續無限上綱 越推越晚 再推 連全職工作 上班時段都配合不了 以後怎麼維生? 不要覺得多元課程很多餘 之後求職不得才抱怨不教這些 也別覺得大學或公司會教這些 高中不想上 大學你怎麼會自願選? 公司也不會願意培訓毫無技能的人

https://join.gov.tw/idea/detail/ac95b365-1bd5-4a8b-81b1-7ef613efdda6",2025-09-14 21:39:59,贊成論點,0,0
M-561,國高中上課時間改為10:00到16:00，避免慢性睡眠剝奪導致學生憂鬱、自傷自殺風險提升。,/idea/detail/45e4b677-19d5-4b48-b1da-1afe3000a878,jenny000,"乾脆別上課
都變爛草莓
認真覺得是教育系統要更改
支持多元課程
死板的教育才是元兇",2025-09-14 21:55:12,贊成論點,1,1
M-565,國高中上課時間改為10:00到16:00，避免慢性睡眠剝奪導致學生憂鬱、自傷自殺風險提升。,/idea/detail/45e4b677-19d5-4b48-b1da-1afe3000a878,YOU,"看到大多提議說因為補習，而犧牲了放學時間，並且有大部份人都不是自願補習。
那我得提出殘酷的現實，怎麼會覺得改成10點上課，就能晚一兩個小時起床，怎麼會認為這段時間可以任由自己分配？
更有可能是家長要求原本的起床時間起床，然後去補習班新開的早課上課。
這種是因為成績至上的畸形概念而演變成這種情況，應該要從課綱與師資開始改，刪除真正多餘的範圍，讓老師不用趕課、考試範圍縮短，使孩子不用焦慮到被逼著補習。
而且不要妄想10點上課就能順便改掉課綱，他只會讓老師上課更趕，刪掉多元課程更是沒必要，會讓很多人失去就業機會之餘，只會把學校往讀書至上的方向推，如果討厭這種想法就不該把多元刪掉，而且該提出修改課綱，譬如多多研究國外的課程方式，整理後在提出台灣哪裡需要改進，而不是單純刪掉課程。
而且學校把課刪了，讓家長將孩子送到才藝班上課，那孩子還不是一樣會睡眠不足。
其實從一開始提議的方向就歪了，不該提出縮短時間這種治標不治本的方式，而是要從更改課綱開始下手，好好研究國外為什麼能夠擁夠擁有較短的上課時間，好好的整理出來，在比對臺灣的課綱，去提出較為明確的更改邏輯。",2025-09-14 21:58:34,贊成論點,1,0
M-609,國高中上課時間改為10:00到16:00，避免慢性睡眠剝奪導致學生憂鬱、自傷自殺風險提升。,/idea/detail/45e4b677-19d5-4b48-b1da-1afe3000a878,= =,"我先說 我是一名高中生
1.上課時間縮短 變相的一些多元課程可能被移除 那不就真的要將學生變成考試機器
2.我不信縮短上課時長可以增加多少讓學生探索自我的時間 要馬老師出一堆東西要你自習 要馬被綁在補習班 那這樣算是在增加補習班的數量嗎?
3.會早睡的會熬夜的還是一樣 不要說什麼縮短時長延後上學時間就可以''有效''改善學生睡眠品質
4.造成憂鬱等心理性疾病的原因有很多 並不全部的主要原因都是文中所說的慢性睡眠所導致 那如果是家庭因素造成憂鬱不就要離家出走?
5.若是僅修改上課時間 而不是針對現今的升學制度以及大考內容做適度調整 那心理疾病的人數也不會降低
6.即使通過 出社會後也不可能因為你國高中10.上課而調整上班時間 別傻了好嗎",2025-09-14 22:49:06,贊成論點,1,1
M-624,國高中上課時間改為10:00到16:00，避免慢性睡眠剝奪導致學生憂鬱、自傷自殺風險提升。,/idea/detail/45e4b677-19d5-4b48-b1da-1afe3000a878,拜託不要,我高一生 每天通勤上下學單趟車程1小時半起跳 但我不希望延後上學時間 通勤確實累 但這是我自己的選擇 我也願意為了上學調整自己的作息 只要懂得利用時間 甚至捷運上也能做很多事 回到家最晚11.睡的話 在此之前還有4小時的自由運用時間 我當然也有補習 補到10. 回到家快12. 這確實很晚不可否認 但我認了 我叫補習時間儘量排到假日和週五 至少爭取足夠的休息時間 可取而代之的我不會擁有完整的假期 不過這已經是對我來說最好的選擇每一個規劃當然不可能顧及到每個人 可每個人卻能自己想辦法規劃自己的人生 至少在我上起來 沒有什麼課是真的毫無意義的 多元選修又何嘗不是多元發展的一種？實施後會有什麼後果想清楚了嗎？我們的國家社會真的適合這種教育制度嗎 只用極少的文字 也沒有做好各方面的打算 這究竟是真的為了社會好 還是自私的一時興起 想改善我完全贊成 但要照顧到非常多的層面 這個提案真的有深思熟慮嗎？這又何嘗不是一種利用呢 利用我們這些心智尚未發展成熟沒有完整決斷能力 時常盲目跟隨的學生 拜託提出更有意義 有建設成性的提議和完整的規劃好嗎？,2025-09-14 23:06:09,其他想法,3,0
M-626,國高中上課時間改為10:00到16:00，避免慢性睡眠剝奪導致學生憂鬱、自傷自殺風險提升。,/idea/detail/45e4b677-19d5-4b48-b1da-1afe3000a878,拜託不要,我高一生 每天通勤上下學單趟車程1小時半起跳 但我不希望延後上學時間 通勤確實累 但這是我自己的選擇 我也願意為了上學調整自己的作息 只要懂得利用時間 甚至捷運上也能做很多事 回到家最晚11.睡的話 在此之前還有4小時的自由運用時間 我當然也有補習 補到10. 回到家快12. 這確實很晚不可否認 但我認了 我叫補習時間儘量排到假日和週五 至少爭取足夠的休息時間 可取而代之的我不會擁有完整的假期 不過這已經是對我來說最好的選擇每一個規劃當然不可能顧及到每個人 可每個人卻能自己想辦法規劃自己的人生 至少在我上起來 沒有什麼課是真的毫無意義的 多元選修又何嘗不是多元發展的一種？實施後會有什麼後果想清楚了嗎？我們的國家社會真的適合這種教育制度嗎 只用極少的文字 也沒有做好各方面的打算 這究竟是真的為了社會好 還是自私的一時興起 想改善我完全贊成 但要照顧到非常多的層面 這個提案真的有深思熟慮嗎？這又何嘗不是一種利用呢 利用我們這些心智尚未發展成熟沒有完整決斷能力 時常盲目跟隨的學生 拜託提出更有意義 有建設成性的提議和完整的規劃好嗎？,2025-09-14 23:07:46,贊成論點,0,1
M-642,國高中上課時間改為10:00到16:00，避免慢性睡眠剝奪導致學生憂鬱、自傷自殺風險提升。,/idea/detail/45e4b677-19d5-4b48-b1da-1afe3000a878,泡泡糖愛吹泡泡,目前台灣發育期孩子上課時間是一個違憲的教育。孩子5-7：30在分泌生長激素。  是屬妨礙幼童發育罪。 不應以家長無法接送為理由！國小生應列入延後上課範圍！並規劃相關配套措施。屏棄舊有填鴨上課教育。因材施教。探討孩子志向並加以開發相關潛能。多元學習 培養創造力 ！  目前仍有學校仍然以恫嚇方式教育。例如。不怎麼做。就記警告。 希望能以吸引力 幽默 風趣方式誘導孩童建立自律 主動學習。,2025-09-14 23:20:57,贊成論點,0,0
M-655,國高中上課時間改為10:00到16:00，避免慢性睡眠剝奪導致學生憂鬱、自傷自殺風險提升。,/idea/detail/45e4b677-19d5-4b48-b1da-1afe3000a878,瑜,移除多元課程根本只是讓其他主科老師另外找時間考試而已 10點到16點上課的話 還是會有老師說10前到校「練習」題目或「自主學習」」,2025-09-14 23:32:07,其他想法,0,0
M-675,國高中上課時間改為10:00到16:00，避免慢性睡眠剝奪導致學生憂鬱、自傷自殺風險提升。,/idea/detail/45e4b677-19d5-4b48-b1da-1afe3000a878,肉絲,"其實我覺得改成10點上課反而增加了老師和學生的壓力
上課時間被壓縮但教材沒有反而會讓老師上不完課，叫學生自己回家讀。加上108課綱推出的多元學習，讓一個禮拜的正課堂數減少很多了，再減少下去恐怕只會增加學生的負擔。而且沒有老師的講解，就自己讀一些完全沒接觸過的知識點反而需要花比平常更多時間，完全是反效果。
真正必須改的是教學的教材，有些教材其實放在日常生活中根本不會用到，教了以後也只會忘記。如果真的要改政策，就必須從源頭改吧？而不是治標不治本",2025-09-14 23:49:07,贊成論點,1,1
M-680,國高中上課時間改為10:00到16:00，避免慢性睡眠剝奪導致學生憂鬱、自傷自殺風險提升。,/idea/detail/45e4b677-19d5-4b48-b1da-1afe3000a878,家長一枚,"1、非必要的多元課程要如何定義？
2、10：00上課不但跟家長上班時間不一樣，而且要如何跟之後大學甚至職場上的時間銜接？
3、學生不只是學習課業知識，還有組織能力（時間及進度規劃）、責任感及抗壓性的養成，不然到職場上會有什麼競爭力呢？
4、上課時間縮短會不會讓學生的差距更大？補習班的角色也會更重要，學生努不努力、有沒有錢補習都會變成差距的原因，這真的台灣是未來想要的嗎？",2025-09-14 23:53:39,其他想法,2,1
M-697,國高中上課時間改為10:00到16:00，避免慢性睡眠剝奪導致學生憂鬱、自傷自殺風險提升。,/idea/detail/45e4b677-19d5-4b48-b1da-1afe3000a878,。。。,上課時間改為10點到16點根本沒用，我認為這個方案不行，多了這兩個小時有什麼用，補習班搞不好會因為這樣開到更晚，學生學習時間不變，這對我們有什麼幫助，休息時間不變，而且還少了一些多元課程，何必這樣，還不如就把上課時間調回原來的模式，多了這兩小時對學習真的有幫助嗎？還是只是增加玩遊戲時間而已。,2025-09-15 00:13:59,其他想法,0,2
M-706,國高中上課時間改為10:00到16:00，避免慢性睡眠剝奪導致學生憂鬱、自傷自殺風險提升。,/idea/detail/45e4b677-19d5-4b48-b1da-1afe3000a878,HI,"10：00上課相當晚；合規的下課時間本來就是16：00。
上課時間延後與獲得充足睡眠不成正比。
規律作息是個人養成的；更何況現下的高中職社區化，絕大多數學生通勤等準備上學時間縮短，理論可以擁有的睡眠時間也較多。
若要提及至課後補習，補習結束後時間晚而晚睡之情，學生課後補習亦非必要性，是個人選擇輔助學習的管道。正規課程紮實的跟進，以及培養、訓練自主學習更為重要；再者，國高中生的學習專注力和興趣等培養亦是須要多元課程來引導的。",2025-09-15 00:26:24,贊成論點,0,2
M-741,國高中上課時間改為10:00到16:00，避免慢性睡眠剝奪導致學生憂鬱、自傷自殺風險提升。,/idea/detail/45e4b677-19d5-4b48-b1da-1afe3000a878,晨,"家裡離學校比較遠，到學校需要花一小時。
八點上課，七點就得出門，所以六點半就必須起床 但平常晚上要補習 讀書 處理社團事務等等 經常十二點後才睡覺 
段考前甚至得讀到凌晨兩點 
平均睡眠時間僅四到六個半小時 
我相信多數台灣高中生都跟我差不多 甚至更少 
在學校也經常有同學因為讀書讀太晚導致睡眠不足而在課堂上睡著 
同學也表示很希望能醒著聽課 但真的太累 反而本末倒置 若將上課時間改為十點 
可增加兩小時的睡眠 對國高中生的身心健康可有明顯幫助 
另外我認為本提案缺乏調查報告舉證 
因此以下想完善一些內容 希望能對提案有幫助（非專業 大致查了一下資料 若有誤請見諒）
根據兒福聯盟2020的研究資料指出 台灣國高中生平均每天睡眠時數為6.9小時 
但美國睡眠學會建議13歲至18歲之間的青少年，每天睡眠時間應為8至10小時之間。 
差了至少1.1小時 這份是2020的調查報告 2025的現在 我們有更多的多元課程需應付 升學壓力也更大 
相信睡眠時間較於五年前會少更多 另外 台灣學生的上課時間為全世界最長 環境競爭壓力也非常大 
沒時間也沒體力的情況下 又要我們多元發展？ 
且就如提案所言 國高中生已有能力自行通勤 因此並沒有配合家長上班時間的必要

或許也可以先折衷改為9.上學
並刪除非必要之多元課程 以及自主學習（同學也只是拿來讀書 真的要探索自我興趣的話 兩堂課根本不夠）",2025-09-15 01:19:18,其他想法,2,0
M-747,國高中上課時間改為10:00到16:00，避免慢性睡眠剝奪導致學生憂鬱、自傷自殺風險提升。,/idea/detail/45e4b677-19d5-4b48-b1da-1afe3000a878,Crystal,"以課程面來討論，刪除所謂的多元課程，每天都是考試的學科不無聊嗎？

再來是以立案的利益及影響面來討論，該如何證實縮短課程是大家會乖乖睡覺？
再來是憂鬱情緒、自傷自殺等情況降低有什麼實際的數據嗎？
至於利用空閒時間興趣探索這點是贊成的，畢竟台灣是填鴨式教育，可以花點時間探索自己的興趣是好的。",2025-09-15 01:44:26,其他想法,0,1
M-754,國高中上課時間改為10:00到16:00，避免慢性睡眠剝奪導致學生憂鬱、自傷自殺風險提升。,/idea/detail/45e4b677-19d5-4b48-b1da-1afe3000a878,chang Annis,應該不用到10點上課那麼晚 其實會變成小孩熬夜的原因 可以8-9點上課就好 早起這個都養成的習慣了 還有不應該是刪除多元上課內容 而是減少課綱內容 多加一些多元課程讓學生了解並探索自我,2025-09-15 02:14:48,其他想法,2,0
M-793,國高中上課時間改為10:00到16:00，避免慢性睡眠剝奪導致學生憂鬱、自傷自殺風險提升。,/idea/detail/45e4b677-19d5-4b48-b1da-1afe3000a878,哈哈嗨,我覺得這個方案真的很好，因為現在就是很多所為的  多元  其實就是一堆不需要的老師，一堆讓學生不滿的規矩，不然就是擺爛，啊我們還要認真對待不然就沒有好下場，這不就是給學生造成更多的負擔嗎？而且，我現在在網上看到很多言論講說這樣不好，這樣會變成完全的升學導向，可是本來不就是了嗎？本來好學校就是為了考大學啊為了所為的多元讓學生們增加這麼多沒必要的負擔，難倒這就是好處了嗎？多少學習好的人，因為這個多元變得沒有好大學能上？我認為這不單純是身體，心靈健康的保障，也是對認真的人的一種負責和公平,2025-09-15 07:49:32,其他想法,2,0
M-800,國高中上課時間改為10:00到16:00，避免慢性睡眠剝奪導致學生憂鬱、自傷自殺風險提升。,/idea/detail/45e4b677-19d5-4b48-b1da-1afe3000a878,小屁孩,"感謝提案人提出關於國高中上課時間的建議。不過，對於將上課時間全面調整為 10:00&ndash;16:00，我持保留甚至反對態度，理由如下：

缺乏確切數據支持
提案中提到「慢性睡眠剝奪導致憂鬱、自傷、自殺風險提升」，然而目前並無直接證據顯示「延後上課時間」即可有效降低自傷或自殺比例。學生心理健康問題涉及家庭功能、同儕關係、社會壓力等多重因素，不能單純歸因於上課時間。

國際經驗尚不一致
雖然部分國家或地區有嘗試延後上課，但結果並非一致成功。部分研究指出，延後上課僅短期改善睡眠，長期而言，學生仍可能因課業壓力、3C使用習慣，而晚睡、減少睡眠。缺乏大規模、長期且具代表性的研究數據來支持本提案。

教育資源與排課困難
國高中課程本來就多元，若將時間壓縮至 6 小時內，勢必壓縮科目內容，造成課程負擔轉移，甚至課後補習需求增加，反而可能加重學生壓力。

社會與家庭影響
提案認為學生能自行通勤，不必配合家長作息，但現實是許多國中生仍仰賴家長接送。若全面延後上課，將造成部分家庭作息衝突，也會影響校園周邊交通與校務安排。",2025-09-15 08:23:34,贊成論點,0,0
M-818,國高中上課時間改為10:00到16:00，避免慢性睡眠剝奪導致學生憂鬱、自傷自殺風險提升。,/idea/detail/45e4b677-19d5-4b48-b1da-1afe3000a878,阿農,"理解版主以改善學生學習與休息品質為出發點，但此方法治標不治本。簡單來說，若學生在學習與生活之間時間安排得當，不論何時開始上課，對學生而言都無所謂；反之，若學生的時間安排不適宜（如補習繁重、課業壓力、作息不正常等等），即使是下午開始上課，對學生的生活品質也未必會改善。

目前大眾普遍認同的癥結點在於，台灣整體的教育制度與相關政策規劃有問題，例如：學習歷程檔案、部分學校的選修課程、適性發展受限、安排不當的多元課程等等。

在校上課時間的確可以研議改動，但不是以睡眠品質如此單調拙劣的理由為出發點；相反地，應該以學生個人發展與交通便利性為主要目的來改動。例如：提前放學時間，讓學生有機會可以多參與社團活動或安排個人時間、少量延後上課時間，讓居住較遠的學生有更多交通上的彈性。

教育改革非一步登天，尤其舊時代觀念對現時影響深遠，年輕世代需要更歡迎大家的聲音與意見，並且努力爭取權益，環境才會越來越好。",2025-09-15 09:19:23,贊成論點,0,0
M-828,國高中上課時間改為10:00到16:00，避免慢性睡眠剝奪導致學生憂鬱、自傷自殺風險提升。,/idea/detail/45e4b677-19d5-4b48-b1da-1afe3000a878,zooey,"1.支持晚一點上課（真的從小長期睡眠不足）
2.多元課程建議改為選修
3.傳統考科建議減少堂數，會學的人就會去練習，學不來的人拉長堂數還不如自己找出問題再去問，不需要配很長課程時間等所有人跟上",2025-09-15 09:37:11,其他想法,1,0
M-832,國高中上課時間改為10:00到16:00，避免慢性睡眠剝奪導致學生憂鬱、自傷自殺風險提升。,/idea/detail/45e4b677-19d5-4b48-b1da-1afe3000a878,邱,"我覺得改成8點到16點放學，這樣比較合理.
有些多元課程，因為授課老師不是專業的，徵不到專業老師，但不得接受學校編排課程，常常導致無法能正常上課，但期末又編排考試測驗，這不是在變相在考驗學生.
有些課程幾乎可以用選修，卻壓縮在非必要的時間，導致有些課程老師一直被逼著趕課.這個問題存在已久，為何找不出方案.
請教育部在實施多元課程規劃，要把完善師資培訓完成吧！
有些非專業的，因找不到在校老師拼拼湊湊的來授課，期末還要藝能測驗，這是有比較好嗎？",2025-09-15 09:40:33,其他想法,1,0
M-839,國高中上課時間改為10:00到16:00，避免慢性睡眠剝奪導致學生憂鬱、自傷自殺風險提升。,/idea/detail/45e4b677-19d5-4b48-b1da-1afe3000a878,本人高二,不懂為什麼要用這麼冠冕堂皇的理由合理化自己熬夜 用補習補太晚當藉口的真的就不要補習了 如果你爸媽逼你去補習 那根本不是幾點上課的問題 以後10.上課補習班就會開7.30-9.30的早班了 所以真的別傻 你要熬夜玩手機還想睡到自然醒 到學校還要抱怨怎麼全天都是國英數自社 只有休學能滿足你了 你們所謂的廢課也是幾年前別人爭取來的 一邊吵著要多元升學一邊說要把這些課拿掉 怎麼都是同一群人在講 底下一口一個台灣教育體制怎樣怎樣 笑死體制爛跟你熬夜有什麼關連？假如10.上課一堆人就熬到3.4.而已啊 講一堆什麼跟歐美看齊的話 啊上歐美的課你們又說廢課 拜託休學辦一辦,2025-09-15 10:02:14,其他想法,3,1
M-850,國高中上課時間改為10:00到16:00，避免慢性睡眠剝奪導致學生憂鬱、自傷自殺風險提升。,/idea/detail/45e4b677-19d5-4b48-b1da-1afe3000a878,高中生,"（1）其實到大學之後也會有必修課8:00上課，難不成你也要叫學校把早八通通砍掉？甚至有些課也是上到下午5:00，你也不要上？你們說把早上多出來的2小時和下午多出來的1小時拿去個人興趣探索、製作學習歷程、進行社交活動、專心讀書學習，你們還不是需要早起做這些事，睡眠一樣不足啊，如果你們是為了多休息、多睡會，你們就不會特別早起做這些事了，會選擇躺在床上睡覺休息吧，這樣才是真正的休息不是嗎？

（2）高中的課業真的很多很繁雜，如果把非必要多元課程拔掉（第二外語、多元選修），甚至家政、美術、音樂等等，你的課表只剩下學測會考的科目，你會更憂鬱，你的課表沒有值得期待的課，例如這節上完數學，下節美術課可以放鬆一下，現在這堂課再撐一下就過去了，大家如果一到五每天每一節上的都是沈悶需要動腦的課，很累，連上兩節學測科目（國英數物化）就不行的人，就不要附議了吧

台灣的上課時長真的很長，學測考試範圍也不會為了符合這個上課時間而去刪減上課內容，這不可能，除非課綱真的能改，而且多出來的那三小時，全台高中生都能保證這些時間他們能有效運用嗎？你們真的不會浪費這個時間？你們想要改變環境就請想出相對應的配套措施。",2025-09-15 10:50:48,其他想法,1,0
M-872,國高中上課時間改為10:00到16:00，避免慢性睡眠剝奪導致學生憂鬱、自傷自殺風險提升。,/idea/detail/45e4b677-19d5-4b48-b1da-1afe3000a878,西瓜,"身為學生，我認為改成這樣並不會真的很好，廢除多元課程等於把我能放鬆的課程拿掉，你們討厭的國、英、數還是會有，雖然我才國中，但我讀的是私校我們早上一堂課50分鐘，下午45分鐘，每天都有第8節40分鐘，而且我們午休30分鐘吃飯20分鐘？晚自習吃飯也20分鐘還要排隊根本剩10分鐘能吃。我們的多元課程真的有上到的課只有音樂、科學、電腦和社團。你們覺得拿掉這些真的會更好嗎，私校上的東西都很注重這些，如果真的要改，就改成8點到校8點20上課,4點半放學。多元課程移除真的會好嗎，現在科技很發達把藝能科那掉，以後的小孩怎麼辦？告訴我，音樂在生活中不會碰到嗎？所以說真正要改的，不是上課時間，而是上課內容和上課方式，如果改了時間廢除多元課程，也不一定會變好，週末回家之後想到星期一又要去學校，上不喜歡的課程，那這樣不是也一樣嗎？
我希望能把改善方式私立、公立統一改成，8點到校8：30上課午休+吃飯一起至少要80分鐘，4點30放學。然後課程可以平均嗎？真的好好檢查一下一些私校的課表，建議國語上基本的就好，我出社會對話也不會用到文言文剛文史我講話也不會用成語，出社會買東西也不會用到數學解方程式（但個人覺得數學如果是喜歡科技類還是要認真學）至於英文我是覺得蠻重要的。社會科的課程本來就很少了，我也覺得還可以，音樂跟社團這人覺得還是要上因為音樂算重要、社團就是人與人之間能和同興趣的人認識，電腦還有美術，我覺得能改成自己決定要不要上，不要上的就讓學校自己用另外活動。",2025-09-15 12:02:46,贊成論點,1,0
M-890,國高中上課時間改為10:00到16:00，避免慢性睡眠剝奪導致學生憂鬱、自傷自殺風險提升。,/idea/detail/45e4b677-19d5-4b48-b1da-1afe3000a878,chi,"1.多元課程不多元，學生不喜歡照樣把學生綁在學校，雖然主科佔比最多啦笑死，副課我想很多人也在乎，都在做自己的事哈哈😆，反正對考大學也沒什麼用。
2.考試壓力照樣大，在家讀書遇到不懂的就是需要花很多時間去思考，你學校課排那麼滿，下課十分鐘有多少人可以去跟老師討論問問題？我是挺好奇私校上到晚上九點、假日去學校的學習效果有多好，這些時段的師資是否有跟上？
3.學習歷程很麻煩，大家都乖乖讀書學習歷程都馬差不多，有料的還可以參加個科展，請問這種人有多少？
4.出了社會更慘，就算有些學生從小就很叛逆，不聽爸媽老師的話偏要脫離社會主流的價值觀去讀自己喜歡的科系，畢業後的現實就是：台灣只注重理科，其他行業多落魄我不描述了，新聞都有哈哈🥹。我想更多的人在高中畢業前連自己熱愛的事情都找不到吧&hellip;畢竟多元課程還沒有主科多元啊&hellip;
5.小孩們，出社會後最難得的就是保持初心，你們現在最珍貴的就是天馬行空的創意且對任何事物都保有觀察的好奇心，心情會覺得憂鬱，覺得人生沒有意義並不是你們的錯，是目前的社會環境真的無法給人希望，上世紀50、60年代同樣也發生過，有很多的學生與工人站出來表達自己的訴求，當然也免不了抹黑的聲音，但也確實推動了社會的變革，希望你們不要聽信網路上的酸言酸語讓自己陷入自我懷疑，畢竟你們吵的再大聲，我們這些麻木的大人是可以「假裝沒聽見」的，我相信很多人的爸媽也是如此吧，但這個世界上，或許就在台灣，我相信肯定是有人支持你們的。
6.記住，你們提的不是單純向大人們提出索取的要求，而是提出改變制度以反抗壓迫的訴求，有位智者說過：「哪裡有壓迫，哪裡就有反抗」，反抗並非空洞的情緒，而是來自具體的經驗，我相信你們對未來的想像絕對不是陷入人生是毫無意義的虛無，整天只想著如何死去才不痛苦之類的事，既然人總有一天會死，那麼你在死前所做的事，不管偉大還是渺小，他就是有意義的，假如你沒出生的話，這些事也就不會發生，正是因為你們出生在了這個世界上，未來才有機會被你們所改變。
7.剩下的我不知道要說什麼了，或許你們可以跟ChatGPT 討論可以怎麼做哈哈哈，加油👏",2025-09-15 12:46:23,其他想法,1,0
M-891,國高中上課時間改為10:00到16:00，避免慢性睡眠剝奪導致學生憂鬱、自傷自殺風險提升。,/idea/detail/45e4b677-19d5-4b48-b1da-1afe3000a878,詹義盛,"這提案應該沒辦法解決問題，要解決問題的方式應該是從教育體制、授課內容、社會風氣改起，現在的提案單純縮短時間，可能只是把要在學校教的改到補習班教，這樣真的有解決提案人想解決的問題嗎？
另外有關於多元選修和學習歷程，我認為不是它們不好，而且台灣社會還沒準備好實施它們。",2025-09-15 12:46:27,其他想法,0,0
M-897,國高中上課時間改為10:00到16:00，避免慢性睡眠剝奪導致學生憂鬱、自傷自殺風險提升。,/idea/detail/45e4b677-19d5-4b48-b1da-1afe3000a878,演寧,"個人認為
1. 10:00是真的太晚(或許折衷9:00會比較剛好)，
但也要同時調整下課及午休時間長度
2.而多元課程是在培養學生跨領域的能力與興趣
我覺得可以增進自我發展、自信心
(有一部份是因為各種原因，選課時沒選到適合自己或感興趣的選修課，所以覺得選修課浪費時間吧..)
3.目前導致青少年憂鬱症、自傷自殘、拒學等原因，最主要社群平台的濫用
舉例:平日的小口角在放學後沒有停止，而是在IG限時動態和Threads上蔓延至第二天到校.....
及抖音、小紅書內容對靠腦部刺激性過強，導致學校老師上課內容難以讓學生感興趣
(如果想要效仿國外的上課時數，不妨效仿美國學生到校打卡時防盜袋同時鎖上手機)
4.相對的學校課綱也要跟著做調整",2025-09-15 13:14:53,贊成論點,0,1
M-944,國高中上課時間改為10:00到16:00，避免慢性睡眠剝奪導致學生憂鬱、自傷自殺風險提升。,/idea/detail/45e4b677-19d5-4b48-b1da-1afe3000a878,siorai,"1.多元課程的存在我認為是必要的 這些多元課程也是能讓學生培養興趣或必要知識的管道
2.參考國外上課時間6-7小時為主 我認為應該改成8:30到14:00
3.對都會區來說學生通勤確實很方便 但同時也得考慮一些交通不方便的地區 對這些人來說他們可能最後還是會在7點的時候就被家長送到學校 因為家長不放心讓他們騎車
4.台灣的問題在第八節與補習班的存在 花在讀書的時間上也只會從8:00變成10:00到20:00而已 學生的自由時間還是可憐得離譜
5.最終的問題還是要回歸整個體制面 簡單來說就是4個面向
一.大幅減少補習班的重要性 讓上補習班的四個小時變成學生的自由支配時間
二.廢除第八節 減少整體上課時間
三.大幅改革課綱與教學方式 不著重在進度的速度而是在學生能真正理解課程上|
四.為交通不變的地區想出多種解決方式滿足不同情況的家庭的需求",2025-09-15 15:48:17,贊成論點,0,0
M-966,國高中上課時間改為10:00到16:00，避免慢性睡眠剝奪導致學生憂鬱、自傷自殺風險提升。,/idea/detail/45e4b677-19d5-4b48-b1da-1afe3000a878,好奇,我覺得就算要縮短也不能只刪多元課吧 現在學得很多以後都用不到 把課綱改一改自然就會減少上課時間了,2025-09-15 17:07:47,其他想法,1,0
M-981,國高中上課時間改為10:00到16:00，避免慢性睡眠剝奪導致學生憂鬱、自傷自殺風險提升。,/idea/detail/45e4b677-19d5-4b48-b1da-1afe3000a878,,"你把多元課程移掉還說想要探索
邏輯說不通吧
應該要先改教育體制
把升學取向的體制改善（壓力來源）
最後才是改上課時間
先提這個真的太急了",2025-09-15 17:36:14,贊成論點,0,0
M-991,國高中上課時間改為10:00到16:00，避免慢性睡眠剝奪導致學生憂鬱、自傷自殺風險提升。,/idea/detail/45e4b677-19d5-4b48-b1da-1afe3000a878,你好👋,"其實從這個議題引發的正反兩方的意見可以發現一些問題：
1.台灣教育制度：不僅要學生課業一把抓 還要發展多元興趣（相信大家基本上都是一般人 光是課業就要花很多時間了 再多個多元學習 學習歷程假日都會被犧牲掉 ）

2.私立國高中無法嚴格執行目前政策：有些私立國高中還是會要求學生必須在6:00-7:30到校 晚上除了第八節還有第九節甚至有些學校的精英班必須上到第10節  甚至有些學校會把所謂的社團時間拿去上課

3.台灣教育風氣的問題：大部分家長希望自己家的孩子成績好 所以會把小孩送到補習班導致就算改了下課時間 但學生的學習時間還是沒有變化

4.課綱修改有問題：現行的課綱雖然比以前的內容少很多 但還是有些部分讓學生難以讀懂 （而且我並不贊成刪掉藝能課 藝能課還是對學生有幫助的）

5.世代之間的觀念差異：我相信會有一些出社會的人覺得現在學生過的太幸福了 比起自己以前的狀況已經好很多了  而且晚上課會有人更晚睡 把時間拿去追劇玩遊戲 所以認為學校規定早到是培養自律的方式 但對於現在的學生 我們接觸的資訊也變得更多 那我們也會思考為什麼偏偏是我們國家的上課時間那麼多 是不是有更有效率的解決方法 而不是一味地要求學生早到 而且自律不是一定要要求學生早到 自律本就是自己要求自己 學校或許只是間接輔助而已

最後想最後提自己的想法 每個人的意見本就不一樣 我們應該要把學習的環境打造的更好 而不是繼續這樣下去 所以我希望大家能理性的討論而不是出言嘲諷或是感情用事 也請不要再說我們學生是爛草莓之類的話了 這其實非常侮辱學生 並不是所有學生都這樣 也是有那種努力的學生 我們不是不想讀 只是想改變現狀 我也不覺得這個提案很蠢 這反而提醒我們現行的教育制度是有改善空間的

&hellip;.如有更多 希望有人能幫我補充",2025-09-15 18:03:08,其他想法,1,0
M-1003,國高中上課時間改為10:00到16:00，避免慢性睡眠剝奪導致學生憂鬱、自傷自殺風險提升。,/idea/detail/45e4b677-19d5-4b48-b1da-1afe3000a878,好奇,10點到4點太晚了 放學後可能還要去補習班 待的時間甚至等於在學校的時間 常常10點、11點才到家 都說11點前睡覺對發育好 卻可以為了課業而熬夜 我覺得可以改8:30到2:30 晚睡晚起不如早睡早起 重要的是課綱 讀書一定是唯一的出入嗎 現在什麼時代 真的不能只會讀書 建議壓縮課綱 增加多元課,2025-09-15 18:28:32,其他想法,1,0
M-1017,國高中上課時間改為10:00到16:00，避免慢性睡眠剝奪導致學生憂鬱、自傷自殺風險提升。,/idea/detail/45e4b677-19d5-4b48-b1da-1afe3000a878,Aleyna,"&bull;	作息與時間分配：西方學校普遍重視睡眠與課後自由時間，課表安排較強調平衡；台灣課時與補習文化使學生可支配時間被壓縮。
	&bull;	教學目標與方法：西方課程常強調批判性思考、專題、協作與實作；台灣依賴大量記憶型教學與考試導向評量。
	&bull;	評量與升學路徑：西方教育提供多元評量與職涯/技職選項，升學壓力雖存在但路徑較分散；台灣的升學型選拔把大量壓力集中在少數重要考試上。
	&bull;	學生身心影響：西方體系較著重心理健康與體育、減少過度負荷；台灣長期高負荷容易造成睡眠不足、焦慮與學習動機受損。
	&bull;	家長與社會期待：西方多數家長會把休息與興趣視為學習效率的一部分；台灣部分家長基於「吃過的苦孩子也該吃」的社會文化，傾向以壓力為教育手段。

給家長與政策制定者的理性建議
	&bull;	硬性推動合理校時與作業量，讓學生有足夠睡眠與自我發展時間。
	&bull;	增加教學方法多樣性（專題、合作、實作），減少單一標準化考試的絕對權重。
	&bull;	建立明確的心理健康與諮商資源，並在學校日常中落實。
	&bull;	向家長說明：休息與興趣不是「放縱」，而是提高學習效率與長期競爭力的投資。

簡短結論：從美國／歐洲的角度看，教育的核心不是把學生磨成「能撐的機器」，而是讓他們有健康的身心、批判與創造力。台灣若想縮小差距，需要系統性地在作息、課程與評量上做改變，而非僅靠個別家庭的努力。",2025-09-15 18:58:11,贊成論點,1,0
M-1020,國高中上課時間改為10:00到16:00，避免慢性睡眠剝奪導致學生憂鬱、自傷自殺風險提升。,/idea/detail/45e4b677-19d5-4b48-b1da-1afe3000a878,,"現在已經延到早上8點上課了
高中可能會有住比較遠要通勤的狀況
但學校也是自己的選擇的
學習團體生活要學會配合
下午四點放學其實還是有時間可以玩社團之類的
如果要移除多元課程 反而是學習歷程會少很多寫多元表現的機會喔
在網路上有看到說假日還要上課或四點後還要上課之類的那也是家長報的補習班或學校有簽過同意書的課後班吧
但那是你們家的決定 
如果是因為這些導致晚回家睡眠不足而去犧牲掉學校全臺學生共同的上課時間的話 蠻不合理的",2025-09-15 19:09:46,贊成論點,2,0
M-1026,國高中上課時間改為10:00到16:00，避免慢性睡眠剝奪導致學生憂鬱、自傷自殺風險提升。,/idea/detail/45e4b677-19d5-4b48-b1da-1afe3000a878,小p,我覺得多元課程不要全部刪除吧 那些課很多都可以拿來放鬆 不用一直聚精會神的學主科 而且改時間 學校可能又會加一堆輔導課 之前說的早自修不能考試還不是照樣考 輔導課不強制還不是一樣壓迫性的強制 所以說根本不是改不改時間的問題,2025-09-15 19:29:58,其他想法,1,0
M-1038,國高中上課時間改為10:00到16:00，避免慢性睡眠剝奪導致學生憂鬱、自傷自殺風險提升。,/idea/detail/45e4b677-19d5-4b48-b1da-1afe3000a878,高中生政策關心者,"1、成年人上班時間幾點？
2、你有實際數據顯示憂鬱症、自殺自傷跟上課時間有關嗎？
3、台灣現階段問題並非上課時間過長，而是教師人數過於不足。
4、上課時間更長的是私立學校（住宿型學校，例如慧燈中學最扯）你提的案子能改變的只有公立學校，但上課時間最長的卻是私立學校。
5、真正會拉長放學時間的是社團練習，與上課時間毫無關係。
6、現在有許多學校已經增加了許多多元選修、自主學習、彈性課程等較為輕鬆的課程，如果縮短上課時間，就等於這些課程會被刪除掉，就會變成一整天可能都是主科課程，壓力反而會更大。
7、有許多學生現在都不是選擇就近就學，所以會有搭乘公車的需求，但是有許多號公車皆是屬於上下學（班）的專車（台北欣欣客運294路線），這會影響到該公車司機的排班問題。
8、廢除早自習一案，已經縮短了許多學生的自習時間，現在又要再縮短上課時間，不是更容易導致學生荒廢課業嗎？已有許多老師不斷地抱怨學生的知識量，一年不如一年，這不是在降低全國知識水平嗎？
9、仍要強調，本人正式一名某高中的高一學生，以上言論皆屬個人想法，若有其他國高中生的想法，也歡迎提出！！！",2025-09-15 19:44:21,贊成論點,0,0
M-1089,國高中上課時間改為10:00到16:00，避免慢性睡眠剝奪導致學生憂鬱、自傷自殺風險提升。,/idea/detail/45e4b677-19d5-4b48-b1da-1afe3000a878,野獸先輩,雲林縣國高中現今的上課時段從早上7:40到下午4點，還要參加半強迫性的第八節課輔和週六課輔(因為這段時間會上進度內容，沒參加等於一周少上五節正課，如果當周有週六課輔會再少4節)，直接拖到5點才放學，回家還要補習2個小時跟寫作業，想睡滿8個小時真正留下來的休息娛樂時間寥寥無幾，晚上課相當於我們擁有更多的娛樂時間，不論是晚點睡晚點起或早點睡早點起，這對於身心的放鬆是有很大的幫助的，但延後上課又是否會因此產生早上的補習時段，所以我認為修改上課時段是其一，更重要的是改變台灣現今教育制度下培養出的考試機器，而與探索自我、多元發展的理念背道而馳。,2025-09-15 22:34:51,其他想法,1,0
M-1095,國高中上課時間改為10:00到16:00，避免慢性睡眠剝奪導致學生憂鬱、自傷自殺風險提升。,/idea/detail/45e4b677-19d5-4b48-b1da-1afe3000a878,玉婷,對於「廢除非必要多元課程」這點，我反而認為藝能科要好好教（要聘專任老師、不能借課），因為那是日常生活中會用到的知識或技能。,2025-09-15 22:44:45,贊成論點,0,0
M-1109,國高中上課時間改為10:00到16:00，避免慢性睡眠剝奪導致學生憂鬱、自傷自殺風險提升。,/idea/detail/45e4b677-19d5-4b48-b1da-1afe3000a878,C,"1. 很多人都在說日本跟美國的上課時間。你們沒看到的是他們的課後活動。他們早放是提供給課後行動做使用的。
真正該關心的是所謂的多元學習。台灣離不開傳統文化，給你多早放都是去補習班，講再多都是升學。把課刪減並不能起到效果。
2. 以教育角度下去，學校是要教你知識沒錯，但學校更重要的是讓學生學習在什麼時間點做什麼事。總不可能公司規定8點上班然後你都起不來所以不做了吧。說甚麼不行就離職的不知道是不是看太多電視劇了。你如果有足夠實力改變世界，讓大家配合你，那沒問題。如果沒那實力，那就是要遵守規則。
3. 還有人說考證照浪費時間，老師知道自己在教的東西沒有用，所以隨便教而已。想請教是哪間學校，幫大家避雷。台灣現在是證照帝國，不管你想不想，要當會計師需要證照，要當什麼行業基本上都要證照。所以我不確定在這位同學眼中浪費時間跟沒有用的定義是什麼。我們之前在高中考證照要留到8-9點。是很浪費時間，但確實在日後工作時不需要再多花時間去準備這些證照。
我覺得一直拿台灣和美國比很沒必要，台灣就算到社會也是注重證照。美國在面試時通常都很專注在經歷。在社會風氣上就差很多了。",2025-09-15 23:21:54,贊成論點,2,0
M-1117,國高中上課時間改為10:00到16:00，避免慢性睡眠剝奪導致學生憂鬱、自傷自殺風險提升。,/idea/detail/45e4b677-19d5-4b48-b1da-1afe3000a878,昂,每天少了2小時的課，一學期的進度確定上得完？不應該是減少上課時間，而是減少課綱的內容。雖然多數人認為多元課程沒有存在的必要，但是一個禮拜少了10節的多元課程並不會比較輕鬆，反而會每天處在一個很高壓的環境學習，這樣的一個學習環境反而有可能會更差。,2025-09-16 00:36:59,贊成論點,2,0
M-1137,國高中上課時間改為10:00到16:00，避免慢性睡眠剝奪導致學生憂鬱、自傷自殺風險提升。,/idea/detail/45e4b677-19d5-4b48-b1da-1afe3000a878,YehZACK,我認為把國高中上課時間延到上午10點，並不會實質改善學生的睡眠品質、學習效率或精神狀態，因為晚點上課不代表學生會提早睡覺，通常只是作息往後延，效果有限；而且這樣的調整會牽動整個108課綱，需要全面重新編排，我建議在內容上應該保留多元學習的部分，但去掉學習歷程檔案，減輕學生的負擔；至於上課時段，我認為更合理的方案是早上8點上課，下午2點或3點放學，這樣既能維持早起習慣，又能讓學生有更多自由安排社團活動、休息或自我發展的時間。,2025-09-16 06:53:38,贊成論點,1,0
M-1148,國高中上課時間改為10:00到16:00，避免慢性睡眠剝奪導致學生憂鬱、自傷自殺風險提升。,/idea/detail/45e4b677-19d5-4b48-b1da-1afe3000a878,OH桑,可以不用全部移除多元課程，但希望能消減做報告的量,2025-09-16 08:07:18,贊成論點,1,0
M-1197,國高中上課時間改為10:00到16:00，避免慢性睡眠剝奪導致學生憂鬱、自傷自殺風險提升。,/idea/detail/45e4b677-19d5-4b48-b1da-1afe3000a878,高三生,"我是一名高三生，我贊成上課時間改為10:00-16:00。
面臨即將到來的學測，我需要更多自修時間，如果能壓縮某些老師上課「講笑話」、「閒聊」的時間，讓課堂數不能隨意揮霍（我已經受夠一週6節有化學課卻在聽他的黃色笑話和人生故事），絕對能讓時間利用更有效率。
再者，我高中最後悔難過的事，就是沒有時間去做我想做的事。從高一開始我們班就必須參加第八節輔導課、晚自習、週六輔導課⋯⋯。教授們想看到我們的多元學習，但我們卻苦於根本沒有時間。
不過可笑的是，第八節輔導課同意書，我們學校只能勾同意，不然就會錯過進度。所以新政策就算上路，在某些學校可能還是難行。不過我認為，壓縮時間、提高效率，絕對比混水摸魚更好⋯",2025-09-16 14:43:15,其他想法,2,0
M-1206,國高中上課時間改為10:00到16:00，避免慢性睡眠剝奪導致學生憂鬱、自傷自殺風險提升。,/idea/detail/45e4b677-19d5-4b48-b1da-1afe3000a878,鹹蛋黃,如果國高中上課時間延後，家長要上班怎麼接送?是否變成早上7點半先送去補習班上課呢?或是家長也一起改十點上班?還有眾多因素可以討論，我認為多元課程刪掉不是好事，不是所有學生家裡經濟狀況好可以去外面學美術、學音樂。,2025-09-16 16:06:52,贊成論點,0,1
M-1207,國高中上課時間改為10:00到16:00，避免慢性睡眠剝奪導致學生憂鬱、自傷自殺風險提升。,/idea/detail/45e4b677-19d5-4b48-b1da-1afe3000a878,林老師,縮短國高中生上課時間，讓現代多元時代學生更能得以思考，藝能科可以在社團課實施!,2025-09-16 16:10:11,其他想法,1,0
M-1223,國高中上課時間改為10:00到16:00，避免慢性睡眠剝奪導致學生憂鬱、自傷自殺風險提升。,/idea/detail/45e4b677-19d5-4b48-b1da-1afe3000a878,,"等等
首先第一：改為10點上課 本就是因為要讓那些9點下課的人多睡一點 我們不還是一樣4點補習嗎？
第二：可以申請交通補助啊 這樣子每天搭計程車上學不成問題🙂&zwj;↕️
第三：我們可以讓學生投票決定 哪些多元課程刪除 哪些不刪 且讓學生提出原因這樣學生不會覺得可惜 也有理由告訴老師
第四：我們理解老師排課有其限制，但學生的真實需求（睡眠、身心健康、學習效率）也應被重視
我覺得我們小孩子雖然做這個大人會覺得沒有用 可是我們平常真的睡不飽😭為什麼我們提出的意見不能被重視呢‼️不要跟我說教育部會直接說內部投票不合格",2025-09-16 18:40:04,其他想法,2,0
M-1255,國高中上課時間改為10:00到16:00，避免慢性睡眠剝奪導致學生憂鬱、自傷自殺風險提升。,/idea/detail/45e4b677-19d5-4b48-b1da-1afe3000a878,,我是國中生 十點才上課的話只上一節課就要吃午餐的意義在哪裡？ 這樣子知識也沒辦法吸收得完整 而且這樣就沒有多元課程只剩考科 學習也會變的乏味 就算通過了 補習班也不就更好賺錢嗎？開了一個早上七點的班我們這些學生為了能考上更好的學校也還是會去（不然就是家長希望的） 我覺得十點到四點有點太誇張 可能可以十點上學然後六點放學並刪除第八節之類的  或可以刪除早自習時間 因為很多老師都會仗著「練習」的名義去考試（有登記成績的那種）讓我一早就壓力很大 而且說真的 現在很多學生都補習補到晚上九點 加上回家要寫功課 洗澡 根本沒辦法睡到八個小時 雖然老師們都宣導要早睡早起多運動 但是我們根本沒有時間可以做到⋯,2025-09-16 22:09:41,贊成論點,2,0
M-1270,國高中上課時間改為10:00到16:00，避免慢性睡眠剝奪導致學生憂鬱、自傷自殺風險提升。,/idea/detail/45e4b677-19d5-4b48-b1da-1afe3000a878,高二生,"我覺得可以修 但是畢竟課都已經上不完了 而且現在國定假日都有放假 一堆老師課直接被放掉 總不能讓老師又把時間縮短吧 所以我覺得該廢除的 應該是多元選修 學習歷程 自主學習 
把這些課跟這些東西廢掉 不僅可以減少學生壓力 老師跟學生也能互相配合 學生多花些時間在必要的事情上 而不是一直在用多元選修 學習歷程 自主學習上面",2025-09-16 23:25:16,其他想法,0,0
M-1292,國高中上課時間改為10:00到16:00，避免慢性睡眠剝奪導致學生憂鬱、自傷自殺風險提升。,/idea/detail/45e4b677-19d5-4b48-b1da-1afe3000a878,私中是垃圾,建議把多元課程都刪掉 不是講一堆廢話就是喊口號 浪費時間 笑死人,2025-09-17 06:51:32,其他想法,1,0
M-1300,國高中上課時間改為10:00到16:00，避免慢性睡眠剝奪導致學生憂鬱、自傷自殺風險提升。,/idea/detail/45e4b677-19d5-4b48-b1da-1afe3000a878,momo,"本人持反對意見
1.關聯性問題： 上放學時間並非學生睡眠不足主因，過度的補習和缺乏自控力的使用電子産品有更加直接的影響

2. 教育公平問題：現行多元選修的開課要求保障偏鄉及弱勢學生接觸多元學習內容的管道，探索興趣及促進多元能力發展。若取消多元選修，對於中高社經背景的學生或許有其他校外資源支持探索發展興趣，但偏鄉弱勢學生無此資源，此舉將造成更嚴重的城鄉差距

3. 針對少數有強烈興趣趨向的學生已有自學方案可以使用：以教育現場來看，有明確且強烈的生涯規劃目標的學生是少數，可依照實驗三法針對自己的需求向所屬學校提出自學申請，自主安排學習時間，成績計算方式等等，已有符合此需求的現行方案可以使用，且多數學生尚在探索階段，較缺乏自控力和主動性，學校正式課程的環境反而更有助於多元興趣的探索和發展。 

說白了，學生自己知道想十點上課的原因是什麼，我們自己也當過學生，我相信一定有學生是真的認真規劃讀書和發展興趣能力，但大多數的難道不是想少待在學校幾個小時，在這段時間真的有在做事而不是滑手機打遊戲的人又有幾個。",2025-09-17 09:38:48,其他想法,0,1
M-1314,國高中上課時間改為10:00到16:00，避免慢性睡眠剝奪導致學生憂鬱、自傷自殺風險提升。,/idea/detail/45e4b677-19d5-4b48-b1da-1afe3000a878,,"1.全面移除非必要多元課程:你只上國英數要怎麼知道課本以外的知識?當然要上
2.將國高中生上課時間縮短為10:00-16:00:原本的時間根本不會造成睡眠問題，那我請問學生都幾點睡?那麼晚睡是在***嘛?
3.國高中生已有能力自行通勤上下學:8點上課根本不是因為配合家長時間，是基本人的作息",2025-09-17 15:27:04,贊成論點,0,0
M-1340,國高中上課時間改為10:00到16:00，避免慢性睡眠剝奪導致學生憂鬱、自傷自殺風險提升。,/idea/detail/45e4b677-19d5-4b48-b1da-1afe3000a878,,現在改的不應該是時間而是課綱，請先把所有的多元選銷處的體育課以外都刪除。,2025-09-17 20:03:08,其他想法,0,0
M-1352,國高中上課時間改為10:00到16:00，避免慢性睡眠剝奪導致學生憂鬱、自傷自殺風險提升。,/idea/detail/45e4b677-19d5-4b48-b1da-1afe3000a878,喜羊鵝,我覺得這樣治標不治本，因為這樣熬夜晚睡的學生知道更晚上課就會更晚睡那這樣不會熬夜的學生不就很衰嗎？而且刪掉非必要多元課程，我覺得沒有很好，因為這樣像是體育美術表演等等的那都要刪掉嗎？我覺得沒有必要，而且這樣才能在學校發展其他興趣因為有些人不會去外面像其他的興趣班之類的，而且把非必要多元課程刪掉，這樣一整天都上主科我覺得會更累。,2025-09-17 22:09:42,贊成論點,2,0
M-1356,國高中上課時間改為10:00到16:00，避免慢性睡眠剝奪導致學生憂鬱、自傷自殺風險提升。,/idea/detail/45e4b677-19d5-4b48-b1da-1afe3000a878,寒光.月隱,身為國三生，這三年我確確實實的體驗到什麼是被課業壓到不過氣，當教育部加入多元課程後，本來的考試確絲毫未減少，這樣多元反而會造成學生更大的壓力及負擔。確實需要改提出相關的改革方案。,2025-09-17 22:51:05,其他想法,3,0
M-1365,國高中上課時間改為10:00到16:00，避免慢性睡眠剝奪導致學生憂鬱、自傷自殺風險提升。,/idea/detail/45e4b677-19d5-4b48-b1da-1afe3000a878,嘿啊,"我們學生有受教權和健康權嗎？
連最基本的權利都能到現在還沒真正被保障與改革 台灣常被稱為 勞工島且上課時間是全球的前三名 台灣 科技與國際的競爭力有些許的進步 但內部社會 人口老化問題並沒有改善 已墊底。
新加坡 比台灣小約50倍 卻能衝上亞洲第一 「新加坡國立大學」希望你們參考新加坡成功的案例 
去年 我購買了 黃仁勳轉 這本書提到 李光耀（首任總理）認為新加坡經濟成功的兩項因素「多元文化兼容與空調」當人們在室內辦公時 需要空調 反觀台灣 連學生最基本的睡眠時間都可被忽略。
請各位多多關注 如果現在不改善 未來就是青少年要面臨的問題且也是我們現在的近況。",2025-09-18 01:24:10,其他想法,2,0
M-1384,國高中上課時間改為10:00到16:00，避免慢性睡眠剝奪導致學生憂鬱、自傷自殺風險提升。,/idea/detail/45e4b677-19d5-4b48-b1da-1afe3000a878,少少,"問題：
1.不要改成跟上班時間碰在一起 人車潮多 搭公共運輸也擠爆 這樣就變得更不好了!
2.課綱內容上不完(高中生說的)，建議教育部還是要拿掉一些無用的課程，別再以為多元化是好事!
3.白天上學，下課後補習? 大家都是這樣拼命的話，環境競爭永遠只會加乗!
4.早下課?回家就能早睡?可能嗎? 自律的孩子用來念書?不自律用來玩遊戲上網? 不要這樣區分，大家都知道自己在***嘛!!又不是幼稚園小孩!!
5.家長管得多有用?不管好嗎?請問學生們是真的希望被管成這樣嗎?中學生再迷茫再困惑不早就都有自己想法了?",2025-09-18 12:21:51,贊成論點,1,1
M-1396,國高中上課時間改為10:00到16:00，避免慢性睡眠剝奪導致學生憂鬱、自傷自殺風險提升。,/idea/detail/45e4b677-19d5-4b48-b1da-1afe3000a878,11,我要多元課程，我不想一直上主科,2025-09-18 18:11:09,其他想法,0,0
M-1404,國高中上課時間改為10:00到16:00，避免慢性睡眠剝奪導致學生憂鬱、自傷自殺風險提升。,/idea/detail/45e4b677-19d5-4b48-b1da-1afe3000a878,儒,"根據最近的議題，我和同學討論出
1.上課時間 8:30&ndash;15:40，共 7 節課。
2.每天固定 5 節學科課，下午最後 2 節為選修。
3. 一週安排：2 天體育選修、1 天探究、1 天多元、1 天社團；藝能科納入多元選修，非學科類科系以選修、探究與實作為核心。
4.體育選修可若達 3 天以上，可取代體育班制度。
5. 學測改為檢定式考試，一年考 3 次（7 月底、10 月底、隔年 1 月底）不再一次定生死（要考幾次可以自由決定）。
學測考到第三冊即可，減少學生課業負擔and老師趕進度問題，並且不再分科
6.學習歷程中的課程學習成果已下午最後2節的課程為主。
7.個人申請升學流程：第一階段學測門檻；第二階段看學習歷程與面試，不再納入學測成績，並提早放榜日期。",2025-09-18 20:37:18,其他想法,1,0
M-1414,國高中上課時間改為10:00到16:00，避免慢性睡眠剝奪導致學生憂鬱、自傷自殺風險提升。,/idea/detail/45e4b677-19d5-4b48-b1da-1afe3000a878,陳,老實說我覺得沒必要 多元課程還是可以培養一些對這些多元課程有興趣的人 而且假設今天真的把多元課程刪掉 一天到晚上主科誰會開心 反而上課只會更想睡覺 現在國定假日越來越多 老師根本沒時間把進度上完 最後還不是要上補習班 我上私立學校比公立學校更晚放學 更早要到學校 老實說 我覺得一點都不累 利用假日還是可以複習功課 只是想不想的問題 就算今天把上課時間再往後調 還是會有人早上起來打遊戲 再去上學 這樣調反而我覺得學習壓力更大 一整週有上不完的主科 一天有一大堆複習不完的東西 晚上還是要攤開書複習 時間更緊湊 如果老師上不完 還要自己回家背 好處在哪？學校就是要讀書的地方 如果都在家裡 誰會自律的拿起書來看一整天 只要有手機身邊一定會控制不住 就像為什麼國中要有晚自習 因為學校知道有些學生在家裡也讀不下書 才會開晚自習 讓學生在教室靜下心好好讀書,2025-09-18 23:28:46,其他想法,0,1
M-1424,國高中上課時間改為10:00到16:00，避免慢性睡眠剝奪導致學生憂鬱、自傷自殺風險提升。,/idea/detail/45e4b677-19d5-4b48-b1da-1afe3000a878,小鑫,"我反對將國高中上學時間改為 10:00&ndash;16:00 
1.睡眠品質與自律才是根本問題
&amp;bull;即便課程維持早上 8 點上學，學生晚上 11 點或 12 點才睡，也能獲得一定睡眠。
&amp;bull;真正影響健康與心理狀態的是睡眠品質與作息規律，而非單純晚點上學。學生需要學會自律與時間管理，這也是學校教育的一部分。
2.課程安排與實務問題
&amp;bull;上午課程不到兩小時，再加午餐與午休，課程安排過於緊湊，教學內容難以完整傳達。
&amp;bull;高職或需實習學生更容易受到影響，晚點上學可能導致實習不足或課程進度延誤。
&amp;bull;過往經驗顯示，即使課程改到早上 8 點，學生仍有遲到或翹課情況，晚點上學未必能改善。
3.課業壓力主要來自課程設計
&amp;bull;課業壓力大多因課程繁重、應試導向，而非上學時間。
&amp;bull;解決之道應是增加多元化、實用性課程，同時保留基礎科目，保障學生受教權。
4.支持方立場存在矛盾
&amp;bull;有人主張「社會用不到的科目可刪，學生自由選擇興趣」，前提是學生高度自律、目標明確。
&amp;bull;現實中，許多學生連作息都無法管理，未來方向也不清楚。部分支持者可能並非出於改善心理健康，而是覺得晚點上學比較輕鬆。
&amp;bull;如果要推行晚點上學，支持方應提出科學或實證證據，說明「為什麼一定要 10 點上學」，而非依靠感受或「晚點上學比較舒服」。

結論
	&amp;bull;改變上學時間並非根本解決方案，可能帶來課程壓縮、遲到、實習不足等問題。
	&amp;bull;真正改善學生心理健康和學習效果的方式是：
	1.培養自律與時間管理能力；
	2.改善課程設計，增加多元與實用課程，同時保留基礎科目。
	&amp;bull;因此，保持早上 8 點上學，並加強自律教育與課程多元化，才是最有利於學生長遠發展的方案。",2025-09-19 09:02:31,其他想法,2,2
M-1426,國高中上課時間改為10:00到16:00，避免慢性睡眠剝奪導致學生憂鬱、自傷自殺風險提升。,/idea/detail/45e4b677-19d5-4b48-b1da-1afe3000a878,小鑫,"我反對將國高中上學時間改為 10:00&ndash;16:00 
1.睡眠品質與自律才是根本問題
&amp;bull;即便課程維持早上 8 點上學，學生晚上 11 點或 12 點才睡，也能獲得一定睡眠。
&amp;bull;真正影響健康與心理狀態的是睡眠品質與作息規律，而非單純晚點上學。學生需要學會自律與時間管理，這也是學校教育的一部分。
2.課程安排與實務問題
&amp;bull;上午課程不到兩小時，再加午餐與午休，課程安排過於緊湊，教學內容難以完整傳達。
&amp;bull;高職或需實習學生更容易受到影響，晚點上學可能導致實習不足或課程進度延誤。
&amp;bull;過往經驗顯示，即使課程改到早上 8 點，學生仍有遲到或翹課情況，晚點上學未必能改善。
3.課業壓力主要來自課程設計
&amp;bull;課業壓力大多因課程繁重、應試導向，而非上學時間。
&amp;bull;解決之道應是增加多元化、實用性課程，同時保留基礎科目，保障學生受教權。
4.支持方立場存在矛盾
&amp;bull;有人主張「社會用不到的科目可刪，學生自由選擇興趣」，前提是學生高度自律、目標明確。
&amp;bull;現實中，許多學生連作息都無法管理，未來方向也不清楚。部分支持者可能並非出於改善心理健康，而是覺得晚點上學比較輕鬆。
&amp;bull;如果要推行晚點上學，支持方應提出科學或實證證據，說明「為什麼一定要 10 點上學」，而非依靠感受或「晚點上學比較舒服」。

結論
	&amp;bull;改變上學時間並非根本解決方案，可能帶來課程壓縮、遲到、實習不足等問題。
	&amp;bull;真正改善學生心理健康和學習效果的方式是：
	1.培養自律與時間管理能力；
	2.改善課程設計，增加多元與實用課程，同時保留基礎科目。
	&amp;bull;因此，保持早上 8 點上學，並加強自律教育與課程多元化，才是最有利於學生長遠發展的方案",2025-09-19 09:05:15,贊成論點,1,1
M-1428,國高中上課時間改為10:00到16:00，避免慢性睡眠剝奪導致學生憂鬱、自傷自殺風險提升。,/idea/detail/45e4b677-19d5-4b48-b1da-1afe3000a878,123,"依所述時段學校不就是上午兩節課上完就中午了，下午兩節課上完就放學了，那以學校考試範圍不變原則，
老師有辦法在有限的時間把該要教的都教完嗎?以前在學的時候數學老師都沒有辦法再段考前把所有要教的教完了，導致後面接近要段考前，老師授課整個很趕，更何況是上述時段，這樣學生在懵懵懂懂的情況下，去應付考試這樣不會壓力更大嗎??
我覺得學生應該要學習如何安排自己放學後的時間規劃，以及現在多元化的課綱是否有什麼要改進的地方，
現在學生的作業比以前更加的繁重，光完成作業的時間都不夠了，更何況是複習和閱讀課外書籍。",2025-09-19 10:25:32,贊成論點,1,0
M-1437,國高中上課時間改為10:00到16:00，避免慢性睡眠剝奪導致學生憂鬱、自傷自殺風險提升。,/idea/detail/45e4b677-19d5-4b48-b1da-1afe3000a878,amny,非常建議修改時間，應該多元化培養其他興趣，也有多的時間可以陪伴兄弟父母談心，而不是一直專注在課業中，須重視學生們身心健康,2025-09-19 14:48:49,其他想法,2,0
M-1450,國高中上課時間改為10:00到16:00，避免慢性睡眠剝奪導致學生憂鬱、自傷自殺風險提升。,/idea/detail/45e4b677-19d5-4b48-b1da-1afe3000a878,遇,"10點上課這個議題本身就是很大問題了

1.改10點就會有更多人作息正常嗎🫥
2.移除非必要多元課程，你一個禮拜的多元課程是夠彌每天補晚2個小時上課時間嗎
3.放學後個人興趣探索、製作學習歷程、進行社交活動、從事健身運動、專心讀書學習，這個更不用說，本來有這個習慣的我相信會維持，但沒這個習慣的我也相信占更多數，要改有那麼容易嗎，還是繼續把這個時間繼續無效的線上遊戲呢
4.我們跟歐美的文化、考試制度本來就是不同的，就算想進步但提出沒經過大腦思考的議題也是很👍
5.這些投票的都是跟提倡人同一出發點嗎，還是想單純過的爽一點，可以多玩一下",2025-09-20 01:51:00,贊成論點,0,1
M-1458,國高中上課時間改為10:00到16:00，避免慢性睡眠剝奪導致學生憂鬱、自傷自殺風險提升。,/idea/detail/45e4b677-19d5-4b48-b1da-1afe3000a878,國中教師,"我想提出一個觀察：台灣學生的在校時間普遍過長，課表裡面非基礎學科的課程，時數大概佔了三分之一。雖然立意是全人教育，但在實務上，這樣的安排卻帶來了很多問題。

第一，學生課程太滿，實際學習效率並沒有提升。像很多進步國家，不是每學期都排所有非考科，而是改成「學分制」或「模組制」，例如美國高中四年內只要修滿一定的藝術、體育學分即可。這樣既能兼顧多元發展，也能讓課程更有彈性。

第二，這樣的調整還能解決師資不足的問題。現在因為人力缺口，常常出現老師跨科支援。去年我自己就是例子，我本來是自然和數學專長，但因為家政缺老師，結果排滿家政課。這樣不但老師教得心虛，學生學得也打折。

所以我的建議是：
1.縮短學生在校時間，課程設計更有效率。
2.非考科改成「階段必修或選修」，不要每學期都排。
3.透過跨校共聘或數位課程，讓專業老師教專業科目。

這樣做可以同時減輕學生負擔，也能避免老師專業被錯置，真正提升教學品質。謝謝。",2025-09-20 12:04:16,其他想法,3,1
M-1463,國高中上課時間改為10:00到16:00，避免慢性睡眠剝奪導致學生憂鬱、自傷自殺風險提升。,/idea/detail/45e4b677-19d5-4b48-b1da-1afe3000a878,,等等，多元課程很好啊有助於尋找自身興趣。該減少的是那些只用來考試的學科吧？出社會之後頂多用到基礎而已，應該去加強法律知識（勞基法、薪資計算、休假等）讓學生銜接社會懂得維護自身權益，不是傻傻給慣老闆壓榨。,2025-09-20 13:17:44,贊成論點,0,0
M-1469,國高中上課時間改為10:00到16:00，避免慢性睡眠剝奪導致學生憂鬱、自傷自殺風險提升。,/idea/detail/45e4b677-19d5-4b48-b1da-1afe3000a878,黑月夢,本人是個國中生，在此看到「全面移除非必要多元課程」、「避免慢性睡眠剝奪導致學習效率大減、憂鬱情緒增加、自傷自殺風險提升」、「放學後能有更多時間進行個人興趣探索、製作學習歷程、進行社交活動、從事健身運動、專心讀書學習」真的會吐血，從第一個:「全面移除非必要多元課程」，請問德智體群美只剩下智了嗎？這樣上課才會導致:「學習效率大減、憂鬱情緒增加、自傷自殺風險提升」天天不是上課就是睡覺誰壓力不大？第二個和第三個:「避免慢性睡眠剝奪導致學習效率大減、憂鬱情緒增加、自傷自殺風險提升」、「放學後能有更多時間進行個人興趣探索、製作學習歷程、進行社交活動、從事健身運動、專心讀書學習」這樣作才會導致自殺及憂鬱提升吧？想想看，現在國中生大多還是家長接送吧？你這樣讓家長還得專門挑時間請假接送，接送不了就丟補習班，那請問這和7:30~16:50差在哪？且作業會更多，而且這樣算起來如果要上7~8節課是沒有下課，這樣難道是要學生不上廁所、不喝水？甚至連午休都沒有，請問是要邊上課邊吃飯嗎？再來從早上10點到校一路坐到16點，總共6小時，是要學生屁股壞掉嗎？而且難道放學後不是玩電動玩到瘋嗎？,2025-09-20 22:17:31,贊成論點,2,3
M-1473,國高中上課時間改為10:00到16:00，避免慢性睡眠剝奪導致學生憂鬱、自傷自殺風險提升。,/idea/detail/45e4b677-19d5-4b48-b1da-1afe3000a878,賴小賢,學校都上一大堆多元課程，政府應該把這些課程刪掉，改為10點上課,2025-09-21 08:45:34,其他想法,2,0
M-1482,國高中上課時間改為10:00到16:00，避免慢性睡眠剝奪導致學生憂鬱、自傷自殺風險提升。,/idea/detail/45e4b677-19d5-4b48-b1da-1afe3000a878,早安,"有些人認為上課到 6 點太晚，因為還要去補習班，我認為這其實和學校課程無關，學校並沒有要求學生一定要去補習。
我支持「全面移除非必要多元課程」，也支持適度減少課綱內容（有些老師為了趕進度，上課速度太快，學生是否真的理解內容？）。但我不贊成把上課時間縮短為 10:00&ndash;16:00。
很多學生早上起不來，並不是課業壓力造成的，而是因為晚上 2、3 點甚至 4 點才睡覺。多數情況並不是在讀書，反而是花大量時間在玩遊戲（原神、傳說之類的遊戲）。
我並不反對玩遊戲，但應該控制時間。該睡覺就去睡，該上課就要專心。否則熬夜玩到天亮，白天又起不來，課堂聽不懂、作業沒寫，壓力當然只會越來越大。",2025-09-21 20:38:28,贊成論點,1,1
